{"type": "FeatureCollection", "features": [{"type": "Feature", "properties": {"name": "Estrela", "wof:id": 1511679641, "source": "pt-dgt via whosonfirst"}, "geometry": {"coordinates": [[[[-9.15423018760157, 38.71519617496459], [-9.15409355806298, 38.7150070353369], [-9.15398236740961, 38.71485298249825], [-9.15358223015864, 38.71431006768545], [-9.15353134942085, 38.71424106192679], [-9.1534090405071, 38.71400036146183], [-9.15338740185671, 38.71393407303923], [-9.15325588228321, 38.71353095149624], [-9.15317052295204, 38.71329317026829], [-9.15308360319948, 38.71305071848024], [-9.15299174522591, 38.71277633170866], [-9.15292892840614, 38.71259564375651], [-9.15280568670703, 38.71224055058543], [-9.15300263439794, 38.71205516016487], [-9.15355704194509, 38.71160496830598], [-9.15385562727297, 38.71175116670511], [-9.15372516153103, 38.71151873484393], [-9.15371961906416, 38.71150896463268], [-9.15369824573033, 38.71145321314651], [-9.15363175127915, 38.71128066383351], [-9.1534464324228, 38.71053040028793], [-9.15335806335979, 38.71016986873968], [-9.15325330896418, 38.70974849757186], [-9.15312586587528, 38.70923535458206], [-9.15309672520517, 38.70911841708322], [-9.15308315590709, 38.70906971360638], [-9.15288388217055, 38.70835587236968], [-9.15287685823188, 38.7083308916998], [-9.15284615515118, 38.70821721148548], [-9.15271265206845, 38.70794992354788], [-9.1524381892914, 38.70691940613956], [-9.15244074518974, 38.70655664504828], [-9.15236265114357, 38.7062712387877], [-9.15234386528655, 38.7062032128011], [-9.1523007993241, 38.70606883193131], [-9.15205841846541, 38.70531356887312], [-9.15201630279752, 38.70518944859179], [-9.15200260821455, 38.7051311616422], [-9.14950228675782, 38.69448770614287], [-9.15434061611923, 38.69457726584539], [-9.15997576787127, 38.69553635359699], [-9.16556368179548, 38.69320475077185], [-9.17083252691751, 38.69225572001412], [-9.17473281919407, 38.69209866054529], [-9.17590386916219, 38.69863603375495], [-9.17593083445434, 38.69878655200813], [-9.17590084858277, 38.69892986381569], [-9.17490835756129, 38.69909375022428], [-9.17540657677111, 38.70130982287382], [-9.17544049828134, 38.70146076108585], [-9.17536959330844, 38.70167560066794], [-9.17536518667724, 38.70168879146101], [-9.17528437330463, 38.7019337146644], [-9.1745104234841, 38.70427752218914], [-9.17448740899639, 38.70434717704125], [-9.17412763478474, 38.70564003649864], [-9.17408054453732, 38.70580917245621], [-9.17402538180504, 38.70598450651772], [-9.17399408611897, 38.70609351023948], [-9.17397680334981, 38.70615410606929], [-9.17391541854538, 38.70636813926475], [-9.17390519033551, 38.70645542568447], [-9.17390161759656, 38.70648644459237], [-9.17388944175378, 38.70659005350826], [-9.17385232210915, 38.70690754953785], [-9.17379134657346, 38.70741901643441], [-9.17371181240395, 38.70808540376377], [-9.17367462963147, 38.708580804884], [-9.17371141466561, 38.70914265451476], [-9.17378050478716, 38.70932453642168], [-9.17399255093274, 38.70975556188005], [-9.17437743887511, 38.71053779060759], [-9.17445701100427, 38.71070498685072], [-9.17453516486008, 38.71086949240392], [-9.17513927117097, 38.71214004589366], [-9.1749705868973, 38.71213761456413], [-9.17436469884921, 38.71212895632786], [-9.17402486978065, 38.71212407526238], [-9.17396867968466, 38.71212329369773], [-9.17344899647604, 38.71211585396796], [-9.17338759672792, 38.7121149662474], [-9.17304241239742, 38.7123014625621], [-9.17298776545553, 38.71233101972275], [-9.17304856645615, 38.71255161945075], [-9.17312069316195, 38.71279995721332], [-9.17321914004537, 38.71315542466707], [-9.17323826051758, 38.71315309627796], [-9.17325214007441, 38.71316374170591], [-9.17328418405237, 38.71316447811112], [-9.17331233170631, 38.71316315574482], [-9.17332383352884, 38.71327627692548], [-9.17332843272131, 38.71332191040678], [-9.17329712768379, 38.71362052775506], [-9.1732742124786, 38.71374521947599], [-9.17321967826623, 38.71395603837674], [-9.1730207144439, 38.7144108184626], [-9.17247635050721, 38.71528517690224], [-9.17220096461654, 38.71572748883273], [-9.1721218857667, 38.7157927708383], [-9.1721064575703, 38.71578318756088], [-9.17207520955037, 38.71576905357198], [-9.1720255156772, 38.71575148034474], [-9.17195046529426, 38.71572962847475], [-9.17164100222345, 38.7156378006484], [-9.17129686939784, 38.71553366885731], [-9.17077610614947, 38.71537976173335], [-9.17068024651721, 38.71534998755442], [-9.17053009420405, 38.71530268023799], [-9.17035458695818, 38.71525109374398], [-9.17017563116388, 38.71519953757486], [-9.17010515426166, 38.71517584236971], [-9.1700392367674, 38.71514940522347], [-9.16993981181689, 38.71511155407205], [-9.1699201775891, 38.71510542358734], [-9.16989365878151, 38.71510025403813], [-9.16987638880149, 38.71509860561345], [-9.16984997410564, 38.71510064232689], [-9.16982011060377, 38.71510270871552], [-9.16974555708626, 38.7151150809165], [-9.16950356670484, 38.71515686455943], [-9.16945343435993, 38.71502939901627], [-9.16940207455498, 38.71489653870555], [-9.1693172886427, 38.71467840166979], [-9.16914052071292, 38.71422147394942], [-9.16899933667868, 38.71383989495577], [-9.16894080818178, 38.71368818229463], [-9.16881553368867, 38.71337311943202], [-9.16879989925494, 38.71332551620913], [-9.16877469138713, 38.7132518758598], [-9.16864784820041, 38.7129872707707], [-9.16853205483027, 38.71277121018392], [-9.16849077960326, 38.71269951363352], [-9.16846256652685, 38.71265652658961], [-9.16844028201043, 38.71262609716078], [-9.16841351737795, 38.71260381538664], [-9.16837171642439, 38.71257536123959], [-9.16832420784375, 38.71254965997719], [-9.16828496702271, 38.71253919797655], [-9.16823874293472, 38.71253344044855], [-9.16821245405035, 38.71253353627922], [-9.16818837945998, 38.71253825335683], [-9.16799580173543, 38.71257779390859], [-9.16777705622057, 38.71263310430707], [-9.16767155808446, 38.71265543249114], [-9.16756492291593, 38.71267529437608], [-9.16750508766714, 38.7126776100398], [-9.16748564344374, 38.71267869907078], [-9.16731957482833, 38.71264323862119], [-9.16721076250034, 38.71259195723623], [-9.16716128076708, 38.71258879263718], [-9.16711187574497, 38.71259103206328], [-9.16698090069608, 38.71262162897274], [-9.16679104078434, 38.71266593569909], [-9.16640969454692, 38.7127701993727], [-9.16614388143498, 38.71283380548918], [-9.1660613344951, 38.71284984911387], [-9.16599129012254, 38.71285587356542], [-9.1658993251438, 38.71285668779285], [-9.16576113257845, 38.71284079530038], [-9.16561235964085, 38.71280878280832], [-9.16532393290443, 38.7127392711174], [-9.16517198480498, 38.71272620173229], [-9.16502533429992, 38.71276172791884], [-9.16488581523691, 38.7128134051627], [-9.1648549646278, 38.71314606620577], [-9.16483229812554, 38.71340839448277], [-9.16477436736043, 38.71361698668102], [-9.16473779309649, 38.71371189208944], [-9.16467427731615, 38.71385207457056], [-9.16455004654274, 38.71408737534591], [-9.16448310721014, 38.7142293894959], [-9.16438814093642, 38.71442119413367], [-9.16427884004191, 38.71465546302596], [-9.16422070704275, 38.71477037572733], [-9.16415452784056, 38.71488535935745], [-9.16401740106229, 38.71510365831399], [-9.16387210982361, 38.71531392290397], [-9.16376079214112, 38.71547858272655], [-9.16375390381059, 38.71548881784239], [-9.16395019058385, 38.71554653566105], [-9.16364335415372, 38.71563662065533], [-9.16328509713233, 38.71574877774464], [-9.16294285483353, 38.71585538794999], [-9.16257533292218, 38.71596312054483], [-9.16232472070015, 38.71604549979624], [-9.16219432563473, 38.71609258958251], [-9.16202049033004, 38.71615717649442], [-9.16187651895011, 38.71621969879053], [-9.16170742467931, 38.7162941521789], [-9.1615909263037, 38.71634832532724], [-9.1615513229104, 38.71631264312619], [-9.16142402452479, 38.71617504433318], [-9.16133518012813, 38.71607313779512], [-9.16120662974469, 38.71592834346846], [-9.16099041188046, 38.71568343340929], [-9.16090770489636, 38.71560849619337], [-9.16086925186211, 38.71557280364014], [-9.16081133178225, 38.71554268692165], [-9.16075373649247, 38.71553508700389], [-9.16069970495965, 38.715535562821], [-9.16055455823868, 38.71554819020373], [-9.1598792563064, 38.71562448340855], [-9.15868942572889, 38.71577194837218], [-9.15820869375421, 38.71556142932666], [-9.15787240455009, 38.7154019041988], [-9.15726571775226, 38.71511418151609], [-9.15741939267822, 38.7146852367166], [-9.15749047209892, 38.71448686852349], [-9.15751582117695, 38.71441588773666], [-9.15693412255285, 38.71441349041985], [-9.15657232221759, 38.71445503624335], [-9.15637443016158, 38.71449521674909], [-9.15619790651942, 38.71453101676451], [-9.15588945061504, 38.71461991558444], [-9.15520402717863, 38.71481742988254], [-9.15497924872891, 38.71489118574065], [-9.15455436205992, 38.71503056720725], [-9.15445014590706, 38.71508389541933], [-9.1543316976673, 38.715144307342], [-9.15423018760157, 38.71519617496459]]]], "type": "MultiPolygon"}}, {"type": "Feature", "properties": {"name": "Misericórdia", "wof:id": 1511679643, "source": "pt-dgt via whosonfirst"}, "geometry": {"coordinates": [[[[-9.14343589633173, 38.71505871444318], [-9.14340560743149, 38.71503184533594], [-9.14325668542197, 38.71489918758066], [-9.14237882033749, 38.71408824048935], [-9.14206380876985, 38.71386045387769], [-9.14178104607765, 38.71393063665265], [-9.1416431641697, 38.7134874715101], [-9.14169882012341, 38.7134799643427], [-9.14175968348647, 38.71347493533314], [-9.14181434427709, 38.71347842632037], [-9.14189160268375, 38.71348640550549], [-9.141931211582, 38.71349056768396], [-9.1419772581276, 38.71349467339743], [-9.14202888683218, 38.71348702066661], [-9.14206554680875, 38.71347769641463], [-9.14209174542193, 38.7134603544334], [-9.14209722741037, 38.71344139055773], [-9.14209448392161, 38.71340988752542], [-9.14235328007153, 38.71327082128197], [-9.14276532819172, 38.71304998886907], [-9.14317761827984, 38.712985078568], [-9.1432849914587, 38.71296811504565], [-9.14323753897165, 38.71282349983191], [-9.14322890724095, 38.71279844239863], [-9.14307533516984, 38.71235181219736], [-9.14295838798771, 38.7119667478191], [-9.14292004685337, 38.71153848715373], [-9.1429237122347, 38.71125200636334], [-9.14292971985957, 38.71087885031181], [-9.14294517148682, 38.71057209001241], [-9.14294552105427, 38.71056425012689], [-9.14235952432145, 38.71051446094933], [-9.14233581227029, 38.71051241365967], [-9.14264366656354, 38.70796440776184], [-9.14264613792104, 38.7079440285774], [-9.1420280798088, 38.70795891999964], [-9.14158810598141, 38.70798253944713], [-9.14126409147655, 38.70798713982963], [-9.14125842869389, 38.70791963032944], [-9.14125458693089, 38.70789173897374], [-9.14125147724174, 38.70783411614504], [-9.14123406381992, 38.70765861319039], [-9.14123657395627, 38.70759193400512], [-9.14123629567416, 38.70757211902951], [-9.14123097462979, 38.70753712418688], [-9.14101132739443, 38.70759748180357], [-9.14083955148866, 38.70764490543962], [-9.14081896449184, 38.70761488840233], [-9.14080879820513, 38.70759497848937], [-9.14079010372337, 38.70754499354221], [-9.14078150308191, 38.70751549023331], [-9.14075596407682, 38.70744472449625], [-9.14073646156324, 38.70738270564498], [-9.14102561498443, 38.70731370172932], [-9.14106113396483, 38.70730528752249], [-9.14119250539697, 38.70727046447821], [-9.14177194065484, 38.70711737013188], [-9.14196882506433, 38.70706531461258], [-9.14179938715592, 38.70656810463898], [-9.14177384303489, 38.70649292979396], [-9.14168558814872, 38.70623399608984], [-9.14143742976481, 38.70547331324549], [-9.13855234945393, 38.69662839271695], [-9.14121652007624, 38.6956468002338], [-9.14654994708765, 38.69443293280207], [-9.14950228675782, 38.69448770614287], [-9.15200260821455, 38.7051311616422], [-9.15201630279752, 38.70518944859179], [-9.15205841846541, 38.70531356887312], [-9.1523007993241, 38.70606883193131], [-9.15234386528655, 38.7062032128011], [-9.15236265114357, 38.7062712387877], [-9.15244074518974, 38.70655664504828], [-9.1524381892914, 38.70691940613956], [-9.15271265206845, 38.70794992354788], [-9.15284615515118, 38.70821721148548], [-9.15287685823188, 38.7083308916998], [-9.15288388217055, 38.70835587236968], [-9.15308315590709, 38.70906971360638], [-9.15309672520517, 38.70911841708322], [-9.15312586587528, 38.70923535458206], [-9.15325330896418, 38.70974849757186], [-9.15335806335979, 38.71016986873968], [-9.1534464324228, 38.71053040028793], [-9.15363175127915, 38.71128066383351], [-9.15369824573033, 38.71145321314651], [-9.15371961906416, 38.71150896463268], [-9.15372516153103, 38.71151873484393], [-9.15385562727297, 38.71175116670511], [-9.15355704194509, 38.71160496830598], [-9.15300263439794, 38.71205516016487], [-9.15280568670703, 38.71224055058543], [-9.15292892840614, 38.71259564375651], [-9.15299174522591, 38.71277633170866], [-9.15308360319948, 38.71305071848024], [-9.15317052295204, 38.71329317026829], [-9.15325588228321, 38.71353095149624], [-9.15338740185671, 38.71393407303923], [-9.1534090405071, 38.71400036146183], [-9.15353134942085, 38.71424106192679], [-9.15358223015864, 38.71431006768545], [-9.15398236740961, 38.71485298249825], [-9.15409355806298, 38.7150070353369], [-9.15423018760157, 38.71519617496459], [-9.1544555620044, 38.71550371160853], [-9.15406980728828, 38.71570435793939], [-9.15376153138784, 38.71588802057265], [-9.15368889659389, 38.71593078990388], [-9.15354614875589, 38.71601475256207], [-9.15318841522858, 38.71630225668819], [-9.15304976543495, 38.71643227989648], [-9.15281399335915, 38.71662107163062], [-9.1526469914261, 38.71676260239158], [-9.15257634901145, 38.71664619437814], [-9.15221960817049, 38.7160582301722], [-9.15217633459435, 38.71598536071174], [-9.15193443986142, 38.71557823919445], [-9.15166542416991, 38.71567618742078], [-9.151628001337, 38.71568983519897], [-9.15153837992095, 38.7156689123425], [-9.15076050799369, 38.71548725357078], [-9.1500463199134, 38.71539143116311], [-9.15009249475448, 38.71570636297906], [-9.15014076155682, 38.71603582428583], [-9.14987936293636, 38.71645264413896], [-9.14958007157434, 38.7169123965152], [-9.14941848818292, 38.71716026402957], [-9.14930031480147, 38.7171153474649], [-9.1491171964009, 38.71702893560808], [-9.14837783069114, 38.71665938236768], [-9.14802789419336, 38.71647222562328], [-9.14779511752431, 38.7163477079324], [-9.14778033717194, 38.71633989396231], [-9.14775183960775, 38.71631334104001], [-9.14768389120847, 38.71625018465159], [-9.14760536166116, 38.71619085110408], [-9.1474379904313, 38.71606484091243], [-9.14731620741099, 38.71601446423276], [-9.14716977932767, 38.71596114933265], [-9.1470045668822, 38.71591981008776], [-9.14623575099599, 38.71572748989649], [-9.14565189149392, 38.71557987335431], [-9.14509679339448, 38.71548217433593], [-9.1448427093325, 38.71557985514939], [-9.14450262262469, 38.71571055918849], [-9.14421574085846, 38.71582086046415], [-9.14411343612607, 38.71570355544918], [-9.14370662492636, 38.71503285139519], [-9.14349376044321, 38.71505322221714], [-9.14343589633173, 38.71505871444318]]]], "type": "MultiPolygon"}}, {"type": "Feature", "properties": {"name": "Santa Maria Maior", "wof:id": 1511679651, "source": "pt-dgt via whosonfirst"}, "geometry": {"coordinates": [[[[-9.13428599782949, 38.71894119190884], [-9.13428454969831, 38.7189348915843], [-9.13426659342816, 38.71886766727445], [-9.13425350353825, 38.71881958808391], [-9.13421606274757, 38.7185346307678], [-9.13410839753275, 38.71827639938333], [-9.13403986051839, 38.71816051601522], [-9.13389686168109, 38.71803950589218], [-9.1336710241794, 38.71784056752617], [-9.13363277118715, 38.71781017890654], [-9.13349801215837, 38.71770278975425], [-9.13338522924425, 38.71761295705827], [-9.1329225228403, 38.71729741420491], [-9.13290476134299, 38.7172852252905], [-9.13263363171282, 38.7170371296987], [-9.13255346132799, 38.71688648524548], [-9.13250381148433, 38.71668189191749], [-9.13248154909509, 38.71647066885268], [-9.1323564239685, 38.71582551861514], [-9.13230572926018, 38.71571902912373], [-9.132256934196, 38.71561675798288], [-9.13199927787976, 38.71543556347836], [-9.13198279036949, 38.71542399498556], [-9.13190155286542, 38.71534506016405], [-9.13188477028512, 38.71532881007411], [-9.13182674622387, 38.71527381803752], [-9.13175672333046, 38.71520757941963], [-9.13167757158775, 38.71512151128709], [-9.13158685980354, 38.71502275061818], [-9.13140945319424, 38.71483276139092], [-9.13140151068273, 38.71482391139588], [-9.13125238174736, 38.71460044133585], [-9.13122725423823, 38.71456291368438], [-9.13120786890336, 38.71450011490467], [-9.13120332129095, 38.71448727243992], [-9.13115525740332, 38.71447038849514], [-9.13105165834107, 38.71446983246623], [-9.13095882888452, 38.71449954193108], [-9.13080896435395, 38.71430571263209], [-9.13071890565862, 38.71410497722995], [-9.13067304964122, 38.71401547151621], [-9.13060092992197, 38.71347633828664], [-9.13058396144909, 38.71333109652394], [-9.13057313453425, 38.71323885886454], [-9.13059049028538, 38.71316421549468], [-9.13059451037362, 38.71301528157756], [-9.13047971640922, 38.71314354337628], [-9.1304344014776, 38.71319194202037], [-9.13034929854556, 38.71324797732495], [-9.13022690590873, 38.71326820983865], [-9.12947968334629, 38.71291914117558], [-9.1293314538026, 38.71285068589106], [-9.12920329217446, 38.71282799972037], [-9.12907276288358, 38.71281704294361], [-9.12902146811516, 38.71282405565861], [-9.12899118674665, 38.71287043493207], [-9.12881930725064, 38.71308565716532], [-9.12877762978915, 38.71317248791417], [-9.12870148789912, 38.71343499498165], [-9.12859189982713, 38.71373976447263], [-9.12837362880597, 38.71390133455549], [-9.12829533473146, 38.71395938222368], [-9.12823913299759, 38.71399391044945], [-9.12788836301182, 38.71347300527056], [-9.12787074053447, 38.71347901034388], [-9.12751863106131, 38.71359839223375], [-9.12750158081946, 38.71360421222654], [-9.12721054942552, 38.71373406242498], [-9.12709084941054, 38.71359212751829], [-9.12700633240377, 38.71349177922085], [-9.12676157677192, 38.71323605809973], [-9.1267237386325, 38.71321863501729], [-9.12663117607841, 38.71317636567768], [-9.12654674047814, 38.71313979136327], [-9.12647607598925, 38.71310967664931], [-9.1264251317939, 38.71308398747766], [-9.12640085348769, 38.71307428505529], [-9.12635347141681, 38.7130566726976], [-9.12632460728747, 38.71304791090813], [-9.12628654651586, 38.71303922633481], [-9.12625669599934, 38.71304218317585], [-9.12621097453819, 38.71306148813753], [-9.12616078051795, 38.71308983986962], [-9.1261436988209, 38.71310169522403], [-9.12603360395823, 38.71303867599386], [-9.12596920163517, 38.71312029491172], [-9.12584278737035, 38.71304119986827], [-9.12570376171921, 38.71313065946509], [-9.12544502927742, 38.71329319907539], [-9.12520645168984, 38.71341683312569], [-9.12510046375126, 38.71348439179958], [-9.12500146027904, 38.71355819665158], [-9.12495833721391, 38.71359909803696], [-9.12489820790754, 38.71365725957907], [-9.12467766178847, 38.71342249726001], [-9.12436037524517, 38.71364930698924], [-9.12364291206396, 38.71319743960323], [-9.12362458705236, 38.71318588458512], [-9.12362164130256, 38.71346344203284], [-9.1236222913165, 38.71347721771145], [-9.12363384342134, 38.7137140257925], [-9.12361178738893, 38.71369871996684], [-9.12354655027584, 38.71365369356597], [-9.12304717409243, 38.71330860647127], [-9.12298867102387, 38.71326820684273], [-9.12280364782921, 38.71318249026422], [-9.1225582895709, 38.71304026400387], [-9.12246462993424, 38.71298493917877], [-9.12227150246544, 38.71287001464732], [-9.12221864238167, 38.71283866486468], [-9.12217184770487, 38.71280519192971], [-9.12214418021998, 38.71278285578425], [-9.1158480054578, 38.70769945255], [-9.12763562438385, 38.702875716565], [-9.13011646454986, 38.70104992029599], [-9.13361593341347, 38.6994275701205], [-9.13575865464793, 38.69765769820112], [-9.13855234945393, 38.69662839271695], [-9.14143742976481, 38.70547331324549], [-9.14168558814872, 38.70623399608984], [-9.14177384303489, 38.70649292979396], [-9.14179938715592, 38.70656810463898], [-9.14196882506433, 38.70706531461258], [-9.14177194065484, 38.70711737013188], [-9.14119250539697, 38.70727046447821], [-9.14106113396483, 38.70730528752249], [-9.14102561498443, 38.70731370172932], [-9.14073646156324, 38.70738270564498], [-9.14075596407682, 38.70744472449625], [-9.14078150308191, 38.70751549023331], [-9.14079010372337, 38.70754499354221], [-9.14080879820513, 38.70759497848937], [-9.14081896449184, 38.70761488840233], [-9.14083955148866, 38.70764490543962], [-9.14101132739443, 38.70759748180357], [-9.14123097462979, 38.70753712418688], [-9.14123629567416, 38.70757211902951], [-9.14123657395627, 38.70759193400512], [-9.14123406381992, 38.70765861319039], [-9.14125147724174, 38.70783411614504], [-9.14125458693089, 38.70789173897374], [-9.14125842869389, 38.70791963032944], [-9.14126409147655, 38.70798713982963], [-9.14158810598141, 38.70798253944713], [-9.1420280798088, 38.70795891999964], [-9.14264613792104, 38.7079440285774], [-9.14264366656354, 38.70796440776184], [-9.14233581227029, 38.71051241365967], [-9.14235952432145, 38.71051446094933], [-9.14294552105427, 38.71056425012689], [-9.14294517148682, 38.71057209001241], [-9.14292971985957, 38.71087885031181], [-9.1429237122347, 38.71125200636334], [-9.14292004685337, 38.71153848715373], [-9.14295838798771, 38.7119667478191], [-9.14307533516984, 38.71235181219736], [-9.14322890724095, 38.71279844239863], [-9.14323753897165, 38.71282349983191], [-9.1432849914587, 38.71296811504565], [-9.14317761827984, 38.712985078568], [-9.14276532819172, 38.71304998886907], [-9.14235328007153, 38.71327082128197], [-9.14209448392161, 38.71340988752542], [-9.14209722741037, 38.71344139055773], [-9.14209174542193, 38.7134603544334], [-9.14206554680875, 38.71347769641463], [-9.14202888683218, 38.71348702066661], [-9.1419772581276, 38.71349467339743], [-9.141931211582, 38.71349056768396], [-9.14189160268375, 38.71348640550549], [-9.14181434427709, 38.71347842632037], [-9.14175968348647, 38.71347493533314], [-9.14169882012341, 38.7134799643427], [-9.1416431641697, 38.7134874715101], [-9.14178104607765, 38.71393063665265], [-9.14206380876985, 38.71386045387769], [-9.14237882033749, 38.71408824048935], [-9.14325668542197, 38.71489918758066], [-9.14340560743149, 38.71503184533594], [-9.14343589633173, 38.71505871444318], [-9.14341596762776, 38.71513057140866], [-9.14333901768767, 38.71530643970928], [-9.14329968303143, 38.71539640804157], [-9.14319432020915, 38.71566224027053], [-9.14314182905648, 38.71580501833602], [-9.14310278468239, 38.71585650240805], [-9.14309157362501, 38.71587114248733], [-9.14300553770568, 38.71594005376417], [-9.14263399795506, 38.71615684308413], [-9.14238514766041, 38.71624365491028], [-9.14177990501588, 38.71645473002378], [-9.14115044734413, 38.71689877902962], [-9.1404335695604, 38.71616163086043], [-9.14027978654579, 38.71615033841526], [-9.14010253094729, 38.71602874550788], [-9.13999154814414, 38.71611128038947], [-9.13987188955498, 38.71615927257065], [-9.13980566022501, 38.71618406056927], [-9.13968892241953, 38.71608299554563], [-9.1395062196769, 38.71593675440539], [-9.13945192650488, 38.71586949866229], [-9.13939760437721, 38.71577565456314], [-9.13925296717951, 38.71560377140721], [-9.13924185767247, 38.71559044526249], [-9.13921891362401, 38.71556874543989], [-9.13916290283255, 38.71553409937646], [-9.13912710628871, 38.71551539175521], [-9.13909034200789, 38.71547735161513], [-9.13902029076499, 38.71541778346488], [-9.13898845622444, 38.71533680711798], [-9.13899889751691, 38.71522708408644], [-9.13900517666839, 38.71516173548748], [-9.13902324694263, 38.7150720596248], [-9.13890050421858, 38.71507826543679], [-9.13883875118607, 38.71508227461852], [-9.1388100234733, 38.71508013104674], [-9.13842267690848, 38.71507558679554], [-9.13841763408868, 38.71509544661077], [-9.13840416106896, 38.71515681880272], [-9.13839354723563, 38.71519338841017], [-9.13818395670075, 38.71523644381765], [-9.1381434374575, 38.71523284668889], [-9.1381027093902, 38.71521499455647], [-9.13806581897336, 38.71521264352565], [-9.13804512624066, 38.7152244983184], [-9.13789786506167, 38.71540637307528], [-9.1377467828037, 38.71564625164234], [-9.13759450599922, 38.71587002336028], [-9.13757118466303, 38.71590225037208], [-9.13750946590179, 38.71598631165635], [-9.13734870249819, 38.71626283768398], [-9.13725169064619, 38.71647143425316], [-9.1372005296356, 38.71658493164303], [-9.1371659413919, 38.71666178672492], [-9.13713766470218, 38.71669003058068], [-9.13697035198916, 38.71669355535087], [-9.13688607644498, 38.71671833090661], [-9.13650128702788, 38.71694260193812], [-9.13638591182868, 38.7170126879786], [-9.13620947011986, 38.71712033559713], [-9.13621634417498, 38.71712753967663], [-9.13664267629771, 38.71757238449771], [-9.13672212268935, 38.71770339600971], [-9.13671024037986, 38.71777447924677], [-9.13641784850437, 38.71815198891879], [-9.13638390202583, 38.71825668162105], [-9.13643370503154, 38.71836461727425], [-9.13660783725594, 38.718532648427], [-9.13703427917963, 38.7190647662997], [-9.13693399492465, 38.71941521253881], [-9.13692743082075, 38.71943807505734], [-9.13671893067854, 38.72016605084451], [-9.13601402524822, 38.7200396264813], [-9.13555277952947, 38.71999585409679], [-9.13557608418596, 38.71978771990563], [-9.13515340930093, 38.71977815141774], [-9.13499180817428, 38.7197745721624], [-9.13495162912863, 38.72004116338043], [-9.13468428783158, 38.7199838479659], [-9.13467533840522, 38.71990977084093], [-9.13466303173205, 38.71982071714341], [-9.134596421902, 38.71950565422351], [-9.13457356602459, 38.71941694309791], [-9.13445963478414, 38.71919551793144], [-9.1343611047123, 38.71902377344578], [-9.13428599782949, 38.71894119190884]]]], "type": "MultiPolygon"}}, {"type": "Feature", "properties": {"name": "Belém", "wof:id": 1511679653, "source": "pt-dgt via whosonfirst"}, "geometry": {"coordinates": [[[[-9.19338283895733, 38.70058268546829], [-9.19336754334004, 38.70056554345871], [-9.19265951892884, 38.69976919490014], [-9.19253018936251, 38.69962056937684], [-9.19204870192789, 38.69901573894608], [-9.191180336301, 38.69792970196905], [-9.19033335486297, 38.69805042379922], [-9.18924288146921, 38.69825477302206], [-9.18895854144082, 38.69831976916778], [-9.18807401496021, 38.69852206388206], [-9.18806258446738, 38.69848739748785], [-9.18766949060134, 38.69728561208909], [-9.1875324226479, 38.69682862161905], [-9.18749774143704, 38.69671424776608], [-9.18593685121233, 38.69156614471866], [-9.18916416700126, 38.69076439423475], [-9.19577421800968, 38.6889528445787], [-9.20260888006329, 38.68406034731576], [-9.20778420287748, 38.68146514074471], [-9.22175426693557, 38.68060149759347], [-9.22960044825693, 38.68003265083103], [-9.23794294816222, 38.68258375450159], [-9.23044831250465, 38.69407484717124], [-9.2300304503812, 38.69474788619581], [-9.22998867743939, 38.69479199771214], [-9.22960797794476, 38.69519958165672], [-9.22962896094641, 38.6952111959936], [-9.22966432541722, 38.69523131039347], [-9.22970110474625, 38.69525375175555], [-9.2298355643395, 38.69532752795426], [-9.22969720974165, 38.69556284974833], [-9.22956941729367, 38.69580500748241], [-9.22949122605392, 38.69593833455249], [-9.22868450269756, 38.69736748560852], [-9.22838987879391, 38.69728028880886], [-9.22805148325594, 38.69716014686303], [-9.22791349004761, 38.69711081842915], [-9.22766806454495, 38.69701177950862], [-9.22744508739504, 38.69691478374013], [-9.22738216198394, 38.69688114098162], [-9.22727988431261, 38.696829856127], [-9.22723789192471, 38.69680815279148], [-9.22679121789964, 38.69724194522692], [-9.22640715145841, 38.69757891962065], [-9.22659057137142, 38.69767475685881], [-9.22690360286876, 38.69783549459729], [-9.22721170437508, 38.69798150923439], [-9.22724830251489, 38.69799963468326], [-9.22716441392963, 38.69826515695907], [-9.22727976901986, 38.69834451681181], [-9.22734648214019, 38.69840019161158], [-9.22740182330253, 38.69847885005421], [-9.22744707348755, 38.6985667945297], [-9.22745739439588, 38.6986631693724], [-9.22743207395064, 38.69872880248685], [-9.22739335482591, 38.69877510582369], [-9.22731255117697, 38.69885846225747], [-9.2272358002089, 38.6989131393337], [-9.2271335281138, 38.69902083848604], [-9.22705935262859, 38.69914665070762], [-9.22701318262554, 38.69928481457769], [-9.22698658764925, 38.69936514232062], [-9.22695414339534, 38.69953650411622], [-9.22685427213573, 38.70008042736755], [-9.22681104337327, 38.70031386762764], [-9.22673400985834, 38.70073470997028], [-9.22670570309829, 38.70089107902791], [-9.22662850356672, 38.7012935495027], [-9.22658121173875, 38.7015545862622], [-9.22645641533973, 38.7021982797829], [-9.22638011524729, 38.70257687440848], [-9.22633861592895, 38.70283326015504], [-9.22626935862713, 38.703184043745], [-9.22620517192738, 38.70348307031038], [-9.22614231468549, 38.70386937496507], [-9.22611816347587, 38.70401192295549], [-9.22606961525829, 38.70419028090392], [-9.22594223912036, 38.70437856274526], [-9.22582545947972, 38.70450018281712], [-9.22569084232088, 38.70460584090544], [-9.22553146523236, 38.70470839997864], [-9.22529918025639, 38.70483920302718], [-9.22513382028818, 38.70494172556754], [-9.22458702240904, 38.70527733198254], [-9.22446214536516, 38.70535074421841], [-9.22414021035392, 38.70555120080554], [-9.22390509140987, 38.70568536044177], [-9.22370036446161, 38.70579167210856], [-9.22336908069155, 38.70596006026706], [-9.22305499096441, 38.70610981841445], [-9.22287485796152, 38.70620103551872], [-9.22262630935063, 38.70632162673612], [-9.22246212547246, 38.70640341649973], [-9.22233892682034, 38.70648149311674], [-9.22224358517499, 38.70656957725706], [-9.22218937922317, 38.7066643042766], [-9.22215125201886, 38.70675762401039], [-9.22213394746782, 38.70686677474386], [-9.22216173187661, 38.70696290261674], [-9.22218914313029, 38.70704966039114], [-9.22219868131, 38.70707965685298], [-9.22228013415101, 38.70723509146224], [-9.22243658785081, 38.70750693015611], [-9.22257701379185, 38.70778332821463], [-9.22271532254807, 38.70801840611214], [-9.22287343331361, 38.70830860112603], [-9.22293659253157, 38.70841700643646], [-9.22301325955763, 38.7085448310118], [-9.22307672426722, 38.70868142704398], [-9.22310100210894, 38.7087660546018], [-9.2231479588132, 38.7089281174296], [-9.22318664188933, 38.7091586224009], [-9.2232397686121, 38.70947718486526], [-9.22326930455147, 38.70967309938288], [-9.22330422254205, 38.70985995315591], [-9.2233193771763, 38.70998717912997], [-9.2233309887262, 38.7100777789235], [-9.22332702778394, 38.71018023772329], [-9.22331709657142, 38.71029851141152], [-9.22329330450228, 38.71046519637379], [-9.22326167827939, 38.71064609758671], [-9.22324614603988, 38.71074334964209], [-9.22319578874173, 38.71089425011425], [-9.22310983521526, 38.71120716776461], [-9.22309465231699, 38.7112670321967], [-9.22305358043315, 38.71145450523774], [-9.22299047957593, 38.71172028428992], [-9.22294934322654, 38.71190316658822], [-9.22288357645064, 38.71219770542481], [-9.22283081475345, 38.71238753748465], [-9.22275777718092, 38.71268773246366], [-9.22272743858563, 38.71280970931392], [-9.22267908568204, 38.71300184584213], [-9.22261775739936, 38.7132939065021], [-9.22257887990998, 38.71343659172612], [-9.2225178558689, 38.71361218535345], [-9.22244021761498, 38.71376108498993], [-9.2223385447773, 38.71392525338539], [-9.2222840057528, 38.7140055736287], [-9.22218635762637, 38.71411664733511], [-9.22198560681886, 38.71436596519693], [-9.22178168501505, 38.71461044530508], [-9.22154126567447, 38.7148746289925], [-9.22139631445314, 38.71505829697805], [-9.2209984590685, 38.71554023029326], [-9.22080202011854, 38.71577067690491], [-9.22053710318622, 38.71607292293864], [-9.22009473035925, 38.71661444148748], [-9.21996601196087, 38.71676201729937], [-9.21988441371734, 38.71686303484663], [-9.21838735788274, 38.71710093045379], [-9.21815390351335, 38.71715066145615], [-9.2180032691724, 38.71718730075507], [-9.21774792193713, 38.71724946674694], [-9.2170998493774, 38.71740483550747], [-9.21674867698492, 38.71748809775716], [-9.21650364655626, 38.71754620826916], [-9.21627421774783, 38.71761136918004], [-9.21578696361335, 38.71774967775359], [-9.21134945595811, 38.71906715314176], [-9.21102139972227, 38.71916521551055], [-9.20964169547338, 38.71957858714614], [-9.20943117404456, 38.71964144822193], [-9.20926014567593, 38.7192728996619], [-9.20893233202964, 38.71872121769242], [-9.20845587895502, 38.71812505933014], [-9.20790438861793, 38.71754661451583], [-9.20721824365271, 38.7168743741764], [-9.20683756048856, 38.71648324557701], [-9.2067517414637, 38.7164020497373], [-9.20663765687188, 38.71629402859902], [-9.20638731838946, 38.71607663114306], [-9.20563694876218, 38.71542857224757], [-9.20583093483267, 38.71533040584226], [-9.2058628124662, 38.71530939530045], [-9.20590802733763, 38.7152576356913], [-9.20620155755268, 38.71481256474174], [-9.20625064003354, 38.71474330508718], [-9.20633464942726, 38.7147783194023], [-9.20638603760522, 38.71479873955752], [-9.20652868426982, 38.71486100101713], [-9.20655189419364, 38.71482788405553], [-9.20714920103467, 38.71397278184602], [-9.207112730595, 38.71395326358773], [-9.20703848839336, 38.71391961217076], [-9.20696265098521, 38.713884536805], [-9.20688775935642, 38.71385711117462], [-9.20686579179923, 38.71384820870075], [-9.20697052450523, 38.7136943826973], [-9.20712194402593, 38.71362588152987], [-9.20752829673817, 38.7132604792302], [-9.20759923517054, 38.71322992033996], [-9.20763130722139, 38.71324687110265], [-9.20781720799383, 38.7133211444826], [-9.20785430744147, 38.71334060269446], [-9.20838650610487, 38.71362198754075], [-9.20843728732109, 38.71356708066246], [-9.20848302064628, 38.71351604942843], [-9.20862737913006, 38.71358618076921], [-9.20865684410647, 38.71360045197594], [-9.20870912356296, 38.7136255046585], [-9.20872778547498, 38.71363453628417], [-9.20873948865077, 38.71362089522449], [-9.2088667350001, 38.71347172644419], [-9.20890661630001, 38.71347847477447], [-9.20897933875535, 38.7133962278252], [-9.20899930716405, 38.71337292543075], [-9.20920633808954, 38.71348723208113], [-9.20930714350162, 38.71337802268445], [-9.2095319637126, 38.71313438145874], [-9.20966794702307, 38.71297505428779], [-9.20983050894593, 38.71277222200018], [-9.20985360534261, 38.7127035595639], [-9.20986098138186, 38.71268023337179], [-9.20986679728428, 38.7126408155174], [-9.20987532214911, 38.71260371475347], [-9.20989734228136, 38.71250064233475], [-9.20990924740476, 38.71242838073181], [-9.20991735178157, 38.71237858277183], [-9.20992095066893, 38.71236557832502], [-9.20988868927277, 38.7123609211405], [-9.20993433797336, 38.71211647901903], [-9.20996098596362, 38.7120154366627], [-9.20998645567073, 38.71192007919535], [-9.21000692313872, 38.7117978352318], [-9.21004724588002, 38.71161982904643], [-9.21008430293831, 38.71150761112044], [-9.21001841471768, 38.71150677768292], [-9.20992468928519, 38.71150502957854], [-9.20982749212372, 38.7115016928596], [-9.20967296913812, 38.71149365938241], [-9.20962266448013, 38.71148934932189], [-9.20952839822925, 38.71148220207063], [-9.20947419484639, 38.71147864756813], [-9.20935565725086, 38.71147055260573], [-9.20929109062234, 38.7114659232956], [-9.20921054022693, 38.71146108165424], [-9.20901846150603, 38.71145555575703], [-9.20874723034686, 38.7114540015124], [-9.20851401465806, 38.71145759176021], [-9.20833137935043, 38.71146080556383], [-9.20820516273051, 38.71146196806122], [-9.20814607448115, 38.71146233213737], [-9.208099574131, 38.71145870616715], [-9.20806812467573, 38.7114544923045], [-9.20797262679307, 38.71144186033295], [-9.20788897442279, 38.7114294788034], [-9.2078703049263, 38.71142649767961], [-9.20765132634199, 38.71135978417461], [-9.20749684776452, 38.71130860070633], [-9.20752884143864, 38.71121876866331], [-9.20753990439885, 38.71118218520227], [-9.20754068484036, 38.71114983984624], [-9.20753252485996, 38.71111937912149], [-9.20752196885884, 38.71110542388075], [-9.20750629181058, 38.7110873720877], [-9.20745280729732, 38.7110473300449], [-9.20715980506407, 38.71087221971938], [-9.20674994968955, 38.71064394189026], [-9.20640280095055, 38.71042466411874], [-9.20634770185718, 38.71039036087231], [-9.2060548335022, 38.71038035233821], [-9.20579814289485, 38.71038272843677], [-9.20535292965758, 38.71036329915567], [-9.2047358478936, 38.70886936337329], [-9.20460467079988, 38.70855186496811], [-9.20463530290659, 38.70851690398828], [-9.2046595624432, 38.70848632517615], [-9.20467645387077, 38.70846274903753], [-9.20472493104029, 38.70842951613047], [-9.204767027487, 38.70836931811863], [-9.20479946827068, 38.70830920859721], [-9.20481787874155, 38.70826418071583], [-9.20482630095728, 38.70818933830326], [-9.20483502672655, 38.70813359606898], [-9.20482462449207, 38.70807720675204], [-9.20481413223014, 38.70801370835715], [-9.20479386191443, 38.70795741489392], [-9.20478654891367, 38.70792190178987], [-9.20477971271892, 38.70789530119275], [-9.20476884443514, 38.70786036024538], [-9.20475948750538, 38.70783432412365], [-9.20474529519855, 38.7078000441909], [-9.20472927069038, 38.70776632242151], [-9.20471118386779, 38.70773306904362], [-9.20438464492467, 38.70706066122678], [-9.2043644820315, 38.7070661416883], [-9.20314979955421, 38.70739519442385], [-9.20256744069419, 38.7075529789324], [-9.20256428219068, 38.70754198850895], [-9.20251430538304, 38.70718266451677], [-9.20251321171638, 38.70717507639023], [-9.20247480589549, 38.70689891698502], [-9.20247149815471, 38.70687713380357], [-9.2023405459988, 38.70601323807868], [-9.20232208770003, 38.70593224694373], [-9.20229328324749, 38.70574289665732], [-9.20231565044614, 38.70539276008336], [-9.20234479422849, 38.70485730489716], [-9.20235326373894, 38.70470205077994], [-9.20236184751743, 38.70454405091719], [-9.20237831830666, 38.70424410235801], [-9.20240778396514, 38.70370869636112], [-9.20241689911212, 38.70332813787992], [-9.20243116567616, 38.70273311711756], [-9.20245465883293, 38.70243620294439], [-9.20247381615255, 38.70219387915187], [-9.20246453962935, 38.7021018189142], [-9.20245363429563, 38.70199309099997], [-9.20254373787246, 38.70167195703804], [-9.20191918578556, 38.70148528311967], [-9.2018404323676, 38.70146175920345], [-9.20111115528892, 38.70125179523958], [-9.20100595621822, 38.70115799600516], [-9.20078876852272, 38.70108548794199], [-9.20046318414775, 38.70099766658358], [-9.19982997090203, 38.70086032543439], [-9.19978868357247, 38.70113220562972], [-9.19961270919906, 38.70229112398413], [-9.19960767023704, 38.70235640133035], [-9.19914562519068, 38.70220405090733], [-9.19851119847301, 38.70197960223782], [-9.19827667750511, 38.70195516932547], [-9.1969024682439, 38.70187311824944], [-9.19675033111784, 38.70158274095575], [-9.19626555161163, 38.70055774369315], [-9.19467503873904, 38.70099639542013], [-9.19432893512925, 38.70109180215015], [-9.1942899084573, 38.70110257666196], [-9.19396110761136, 38.70071017947033], [-9.19368229955318, 38.70042062567585], [-9.19366602129237, 38.7004294136811], [-9.19338283895733, 38.70058268546829]]]], "type": "MultiPolygon"}}, {"type": "Feature", "properties": {"name": "São Vicente", "wof:id": 1511679657, "source": "pt-dgt via whosonfirst"}, "geometry": {"coordinates": [[[[-9.10902572880158, 38.71453987585097], [-9.11136499386668, 38.71177100732164], [-9.11363388063289, 38.70925733545743], [-9.1158480054578, 38.70769945255], [-9.12214418021998, 38.71278285578425], [-9.12217184770487, 38.71280519192971], [-9.12221864238167, 38.71283866486468], [-9.12227150246544, 38.71287001464732], [-9.12246462993424, 38.71298493917877], [-9.1225582895709, 38.71304026400387], [-9.12280364782921, 38.71318249026422], [-9.12298867102387, 38.71326820684273], [-9.12304717409243, 38.71330860647127], [-9.12354655027584, 38.71365369356597], [-9.12361178738893, 38.71369871996684], [-9.12363384342134, 38.7137140257925], [-9.1236222913165, 38.71347721771145], [-9.12362164130256, 38.71346344203284], [-9.12362458705236, 38.71318588458512], [-9.12364291206396, 38.71319743960323], [-9.12436037524517, 38.71364930698924], [-9.12467766178847, 38.71342249726001], [-9.12489820790754, 38.71365725957907], [-9.12495833721391, 38.71359909803696], [-9.12500146027904, 38.71355819665158], [-9.12510046375126, 38.71348439179958], [-9.12520645168984, 38.71341683312569], [-9.12544502927742, 38.71329319907539], [-9.12570376171921, 38.71313065946509], [-9.12584278737035, 38.71304119986827], [-9.12596920163517, 38.71312029491172], [-9.12603360395823, 38.71303867599386], [-9.1261436988209, 38.71310169522403], [-9.12616078051795, 38.71308983986962], [-9.12621097453819, 38.71306148813753], [-9.12625669599934, 38.71304218317585], [-9.12628654651586, 38.71303922633481], [-9.12632460728747, 38.71304791090813], [-9.12635347141681, 38.7130566726976], [-9.12640085348769, 38.71307428505529], [-9.1264251317939, 38.71308398747766], [-9.12647607598925, 38.71310967664931], [-9.12654674047814, 38.71313979136327], [-9.12663117607841, 38.71317636567768], [-9.1267237386325, 38.71321863501729], [-9.12676157677192, 38.71323605809973], [-9.12700633240377, 38.71349177922085], [-9.12709084941054, 38.71359212751829], [-9.12721054942552, 38.71373406242498], [-9.12750158081946, 38.71360421222654], [-9.12751863106131, 38.71359839223375], [-9.12787074053447, 38.71347901034388], [-9.12788836301182, 38.71347300527056], [-9.12823913299759, 38.71399391044945], [-9.12829533473146, 38.71395938222368], [-9.12837362880597, 38.71390133455549], [-9.12859189982713, 38.71373976447263], [-9.12870148789912, 38.71343499498165], [-9.12877762978915, 38.71317248791417], [-9.12881930725064, 38.71308565716532], [-9.12899118674665, 38.71287043493207], [-9.12902146811516, 38.71282405565861], [-9.12907276288358, 38.71281704294361], [-9.12920329217446, 38.71282799972037], [-9.1293314538026, 38.71285068589106], [-9.12947968334629, 38.71291914117558], [-9.13022690590873, 38.71326820983865], [-9.13034929854556, 38.71324797732495], [-9.1304344014776, 38.71319194202037], [-9.13047971640922, 38.71314354337628], [-9.13059451037362, 38.71301528157756], [-9.13059049028538, 38.71316421549468], [-9.13057313453425, 38.71323885886454], [-9.13058396144909, 38.71333109652394], [-9.13060092992197, 38.71347633828664], [-9.13067304964122, 38.71401547151621], [-9.13071890565862, 38.71410497722995], [-9.13080896435395, 38.71430571263209], [-9.13095882888452, 38.71449954193108], [-9.13105165834107, 38.71446983246623], [-9.13115525740332, 38.71447038849514], [-9.13120332129095, 38.71448727243992], [-9.13120786890336, 38.71450011490467], [-9.13122725423823, 38.71456291368438], [-9.13125238174736, 38.71460044133585], [-9.13140151068273, 38.71482391139588], [-9.13140945319424, 38.71483276139092], [-9.13158685980354, 38.71502275061818], [-9.13167757158775, 38.71512151128709], [-9.13175672333046, 38.71520757941963], [-9.13182674622387, 38.71527381803752], [-9.13188477028512, 38.71532881007411], [-9.13190155286542, 38.71534506016405], [-9.13198279036949, 38.71542399498556], [-9.13199927787976, 38.71543556347836], [-9.132256934196, 38.71561675798288], [-9.13230572926018, 38.71571902912373], [-9.1323564239685, 38.71582551861514], [-9.13248154909509, 38.71647066885268], [-9.13250381148433, 38.71668189191749], [-9.13255346132799, 38.71688648524548], [-9.13263363171282, 38.7170371296987], [-9.13290476134299, 38.7172852252905], [-9.1329225228403, 38.71729741420491], [-9.13338522924425, 38.71761295705827], [-9.13349801215837, 38.71770278975425], [-9.13363277118715, 38.71781017890654], [-9.1336710241794, 38.71784056752617], [-9.13389686168109, 38.71803950589218], [-9.13403986051839, 38.71816051601522], [-9.13410839753275, 38.71827639938333], [-9.13421606274757, 38.7185346307678], [-9.13425350353825, 38.71881958808391], [-9.13426659342816, 38.71886766727445], [-9.13428454969831, 38.7189348915843], [-9.13428599782949, 38.71894119190884], [-9.13387124308215, 38.71896977409175], [-9.13386022326089, 38.71897051248563], [-9.13383963274164, 38.71894827171542], [-9.13362030704831, 38.71871196148734], [-9.13337762838681, 38.71892899593892], [-9.13339390771964, 38.71903368772231], [-9.13339974210649, 38.71918794197631], [-9.13338412297544, 38.71939471469319], [-9.13331887993811, 38.71951471834368], [-9.1330852044705, 38.71982532832289], [-9.13305273754126, 38.7198686889308], [-9.13301417092549, 38.7199259233968], [-9.13294820560081, 38.71997783340848], [-9.13284671390844, 38.72003815428394], [-9.13273146341641, 38.7201012959817], [-9.13238003748497, 38.7202961718259], [-9.13207773193785, 38.72046810628996], [-9.13198654847393, 38.72052563597257], [-9.13193085390701, 38.72057205292624], [-9.13188018548133, 38.72064905281869], [-9.13184659832589, 38.72071419651783], [-9.13179680842909, 38.72085424405346], [-9.13157695104924, 38.72157945318724], [-9.13144790903358, 38.72197329798833], [-9.13144202816076, 38.72204631205293], [-9.13144995532722, 38.7221201080898], [-9.13145863119105, 38.72216507341055], [-9.13147761697616, 38.72220724742056], [-9.13150710071614, 38.72226014123218], [-9.1315351453533, 38.72229233009931], [-9.13158060000074, 38.72233607961202], [-9.13166309553089, 38.72239752759263], [-9.1321077222527, 38.72270088963397], [-9.13238515747049, 38.72288857942343], [-9.13170435446473, 38.72331622671748], [-9.13161352274777, 38.7231882979606], [-9.13107782645207, 38.72240631657346], [-9.13068005590044, 38.72182592048294], [-9.13064942085063, 38.72178105239384], [-9.13061174614915, 38.72172615643324], [-9.13059329888466, 38.72170604699486], [-9.13057859342255, 38.7216904987477], [-9.13052274739525, 38.72165179182714], [-9.1304643572575, 38.72162031379084], [-9.13012161877437, 38.72145731741848], [-9.13002179067015, 38.72143096671948], [-9.12966322838573, 38.72139493493076], [-9.12935663290129, 38.72174696564441], [-9.1293276343025, 38.72181972622014], [-9.12915118358197, 38.7222616251135], [-9.12910095525257, 38.72245328949835], [-9.12877844977229, 38.72243063891354], [-9.12875186219247, 38.72242870435891], [-9.12871011064632, 38.72286629985558], [-9.12870359591741, 38.72293535571506], [-9.12867478732209, 38.72323700298344], [-9.12844058095486, 38.72323026318616], [-9.12829572083598, 38.72324023586867], [-9.12811800272652, 38.72328534944039], [-9.12791859363602, 38.72338316237504], [-9.12782985789217, 38.72341877883822], [-9.12775239081802, 38.72345438943941], [-9.12757637559088, 38.72363046140625], [-9.12745672913539, 38.72384983017832], [-9.12715569091353, 38.7236427822689], [-9.12646608722618, 38.72316853724177], [-9.1256644895177, 38.72308392736322], [-9.1253429785057, 38.7230500890898], [-9.12528516938059, 38.72304391479057], [-9.12393463273544, 38.72290144481274], [-9.12334110205936, 38.72287864831628], [-9.12293268264005, 38.72286292562586], [-9.12234709065137, 38.7228404171786], [-9.12166415705112, 38.72279666052531], [-9.12152626254334, 38.72281980751144], [-9.12136385177376, 38.72261616463046], [-9.12127621089132, 38.7225062003202], [-9.12110093427608, 38.72235347029209], [-9.11976795780329, 38.7214891852384], [-9.11930051423055, 38.72118614944194], [-9.1192064209939, 38.72112506072711], [-9.11905131736663, 38.72103386054983], [-9.11718893739858, 38.71993810229728], [-9.11624059029834, 38.71933662405267], [-9.11548828026708, 38.71885950774968], [-9.11547369369787, 38.71884975856332], [-9.10902572880158, 38.71453987585097]]]], "type": "MultiPolygon"}}, {"type": "Feature", "properties": {"name": "Campo de Ourique", "wof:id": 1511679659, "source": "pt-dgt via whosonfirst"}, "geometry": {"coordinates": [[[[-9.1544555620044, 38.71550371160853], [-9.15423018760157, 38.71519617496459], [-9.1543316976673, 38.715144307342], [-9.15445014590706, 38.71508389541933], [-9.15455436205992, 38.71503056720725], [-9.15497924872891, 38.71489118574065], [-9.15520402717863, 38.71481742988254], [-9.15588945061504, 38.71461991558444], [-9.15619790651942, 38.71453101676451], [-9.15637443016158, 38.71449521674909], [-9.15657232221759, 38.71445503624335], [-9.15693412255285, 38.71441349041985], [-9.15751582117695, 38.71441588773666], [-9.15749047209892, 38.71448686852349], [-9.15741939267822, 38.7146852367166], [-9.15726571775226, 38.71511418151609], [-9.15787240455009, 38.7154019041988], [-9.15820869375421, 38.71556142932666], [-9.15868942572889, 38.71577194837218], [-9.1598792563064, 38.71562448340855], [-9.16055455823868, 38.71554819020373], [-9.16069970495965, 38.715535562821], [-9.16075373649247, 38.71553508700389], [-9.16081133178225, 38.71554268692165], [-9.16086925186211, 38.71557280364014], [-9.16090770489636, 38.71560849619337], [-9.16099041188046, 38.71568343340929], [-9.16120662974469, 38.71592834346846], [-9.16133518012813, 38.71607313779512], [-9.16142402452479, 38.71617504433318], [-9.1615513229104, 38.71631264312619], [-9.1615909263037, 38.71634832532724], [-9.16170742467931, 38.7162941521789], [-9.16187651895011, 38.71621969879053], [-9.16202049033004, 38.71615717649442], [-9.16219432563473, 38.71609258958251], [-9.16232472070015, 38.71604549979624], [-9.16257533292218, 38.71596312054483], [-9.16294285483353, 38.71585538794999], [-9.16328509713233, 38.71574877774464], [-9.16364335415372, 38.71563662065533], [-9.16395019058385, 38.71554653566105], [-9.16375390381059, 38.71548881784239], [-9.16376079214112, 38.71547858272655], [-9.16387210982361, 38.71531392290397], [-9.16401740106229, 38.71510365831399], [-9.16415452784056, 38.71488535935745], [-9.16422070704275, 38.71477037572733], [-9.16427884004191, 38.71465546302596], [-9.16438814093642, 38.71442119413367], [-9.16448310721014, 38.7142293894959], [-9.16455004654274, 38.71408737534591], [-9.16467427731615, 38.71385207457056], [-9.16473779309649, 38.71371189208944], [-9.16477436736043, 38.71361698668102], [-9.16483229812554, 38.71340839448277], [-9.1648549646278, 38.71314606620577], [-9.16488581523691, 38.7128134051627], [-9.16502533429992, 38.71276172791884], [-9.16517198480498, 38.71272620173229], [-9.16532393290443, 38.7127392711174], [-9.16561235964085, 38.71280878280832], [-9.16576113257845, 38.71284079530038], [-9.1658993251438, 38.71285668779285], [-9.16599129012254, 38.71285587356542], [-9.1660613344951, 38.71284984911387], [-9.16614388143498, 38.71283380548918], [-9.16640969454692, 38.7127701993727], [-9.16679104078434, 38.71266593569909], [-9.16698090069608, 38.71262162897274], [-9.16711187574497, 38.71259103206328], [-9.16716128076708, 38.71258879263718], [-9.16721076250034, 38.71259195723623], [-9.16731957482833, 38.71264323862119], [-9.16748564344374, 38.71267869907078], [-9.16750508766714, 38.7126776100398], [-9.16756492291593, 38.71267529437608], [-9.16767155808446, 38.71265543249114], [-9.16777705622057, 38.71263310430707], [-9.16799580173543, 38.71257779390859], [-9.16818837945998, 38.71253825335683], [-9.16821245405035, 38.71253353627922], [-9.16823874293472, 38.71253344044855], [-9.16828496702271, 38.71253919797655], [-9.16832420784375, 38.71254965997719], [-9.16837171642439, 38.71257536123959], [-9.16841351737795, 38.71260381538664], [-9.16844028201043, 38.71262609716078], [-9.16846256652685, 38.71265652658961], [-9.16849077960326, 38.71269951363352], [-9.16853205483027, 38.71277121018392], [-9.16864784820041, 38.7129872707707], [-9.16877469138713, 38.7132518758598], [-9.16879989925494, 38.71332551620913], [-9.16881553368867, 38.71337311943202], [-9.16894080818178, 38.71368818229463], [-9.16899933667868, 38.71383989495577], [-9.16914052071292, 38.71422147394942], [-9.1693172886427, 38.71467840166979], [-9.16940207455498, 38.71489653870555], [-9.16945343435993, 38.71502939901627], [-9.16950356670484, 38.71515686455943], [-9.16974555708626, 38.7151150809165], [-9.16982011060377, 38.71510270871552], [-9.16984997410564, 38.71510064232689], [-9.16987638880149, 38.71509860561345], [-9.16989365878151, 38.71510025403813], [-9.1699201775891, 38.71510542358734], [-9.16993981181689, 38.71511155407205], [-9.1700392367674, 38.71514940522347], [-9.17010515426166, 38.71517584236971], [-9.17017563116388, 38.71519953757486], [-9.17035458695818, 38.71525109374398], [-9.17053009420405, 38.71530268023799], [-9.17068024651721, 38.71534998755442], [-9.17077610614947, 38.71537976173335], [-9.17129686939784, 38.71553366885731], [-9.17164100222345, 38.7156378006484], [-9.17195046529426, 38.71572962847475], [-9.1720255156772, 38.71575148034474], [-9.17207520955037, 38.71576905357198], [-9.1721064575703, 38.71578318756088], [-9.1721218857667, 38.7157927708383], [-9.17220096461654, 38.71572748883273], [-9.17247635050721, 38.71528517690224], [-9.1730207144439, 38.7144108184626], [-9.17321967826623, 38.71395603837674], [-9.1732742124786, 38.71374521947599], [-9.17329712768379, 38.71362052775506], [-9.17332843272131, 38.71332191040678], [-9.17332383352884, 38.71327627692548], [-9.17331233170631, 38.71316315574482], [-9.17328418405237, 38.71316447811112], [-9.17325214007441, 38.71316374170591], [-9.17323826051758, 38.71315309627796], [-9.17321914004537, 38.71315542466707], [-9.17312069316195, 38.71279995721332], [-9.17304856645615, 38.71255161945075], [-9.17298776545553, 38.71233101972275], [-9.17304241239742, 38.7123014625621], [-9.17338759672792, 38.7121149662474], [-9.17344899647604, 38.71211585396796], [-9.17396867968466, 38.71212329369773], [-9.17402486978065, 38.71212407526238], [-9.17436469884921, 38.71212895632786], [-9.1749705868973, 38.71213761456413], [-9.17513927117097, 38.71214004589366], [-9.17523271700762, 38.71233488284998], [-9.17526935549849, 38.71241183297798], [-9.17551019696355, 38.71292420907984], [-9.17567031195927, 38.71327677260199], [-9.17583172370426, 38.71363214377343], [-9.17594334651524, 38.7140972998932], [-9.17595782686231, 38.71427813786628], [-9.17590655553551, 38.71475294670259], [-9.17589521923952, 38.71485858666955], [-9.17581835976902, 38.71528150234582], [-9.17536725126349, 38.71677073779071], [-9.17507847728093, 38.71768427515974], [-9.17497879449014, 38.71799953701046], [-9.17491362561008, 38.71825422952103], [-9.17489257324205, 38.7184352940648], [-9.17487981310475, 38.71878337871573], [-9.17488386195098, 38.71906177378644], [-9.17493897792388, 38.7194282601278], [-9.17498945242481, 38.71962733168913], [-9.17502448598453, 38.7197656495126], [-9.17514335857503, 38.72004859519494], [-9.17519182789064, 38.7201639213468], [-9.17529265586238, 38.72044603773142], [-9.17536310812706, 38.7206430483521], [-9.17543901435114, 38.72096827226544], [-9.17544838758119, 38.72120941818743], [-9.17541835969349, 38.72159512936305], [-9.17537905971015, 38.72173962795242], [-9.17525452910543, 38.72213435797801], [-9.17501366942839, 38.72277876667248], [-9.17493763852547, 38.72294778573939], [-9.17491520959609, 38.72299778103338], [-9.17408498265399, 38.72280055333666], [-9.1733102682583, 38.72261637450466], [-9.17265196945968, 38.72245986793102], [-9.17214209990894, 38.72235514344298], [-9.17167758226371, 38.72230117666069], [-9.17123548654919, 38.72230276756039], [-9.17085007422049, 38.72233011064481], [-9.17084007326124, 38.72233149835277], [-9.16959158783262, 38.7225529678264], [-9.1690122924497, 38.72265571874136], [-9.16840586626336, 38.72277406635874], [-9.166122104568, 38.7232197232989], [-9.16609801486694, 38.72322444729586], [-9.16463230390175, 38.7234976461411], [-9.16297483616864, 38.72380656758027], [-9.16063556038602, 38.72426586436703], [-9.15963794230661, 38.72356933191858], [-9.1594437346141, 38.72341727735062], [-9.15863559577334, 38.7229829984355], [-9.15783304900265, 38.72256109478979], [-9.15763867697957, 38.7224533564023], [-9.15735376169607, 38.72229380685608], [-9.15712451357148, 38.72216745663412], [-9.1569014876128, 38.72193728264514], [-9.15671224810731, 38.72175402082591], [-9.15661760309437, 38.72166458343434], [-9.15611424232446, 38.72111186338537], [-9.1556460624794, 38.72059865626562], [-9.1555822081013, 38.72043481482415], [-9.15551904136491, 38.72031105955585], [-9.15549514332115, 38.72007067104203], [-9.15564387462258, 38.7197285124494], [-9.15560467300134, 38.71877844110328], [-9.15557398763368, 38.7184257837332], [-9.15515427442977, 38.71725357933439], [-9.15506828104524, 38.71699634912539], [-9.15483663377451, 38.71616001888798], [-9.15471851051428, 38.71589090851542], [-9.15449251434185, 38.71555536334219], [-9.1544555620044, 38.71550371160853]]]], "type": "MultiPolygon"}}, {"type": "Feature", "properties": {"name": "Santo António", "wof:id": 1511679665, "source": "pt-dgt via whosonfirst"}, "geometry": {"coordinates": [[[[-9.14115044734413, 38.71689877902962], [-9.14177990501588, 38.71645473002378], [-9.14238514766041, 38.71624365491028], [-9.14263399795506, 38.71615684308413], [-9.14300553770568, 38.71594005376417], [-9.14309157362501, 38.71587114248733], [-9.14310278468239, 38.71585650240805], [-9.14314182905648, 38.71580501833602], [-9.14319432020915, 38.71566224027053], [-9.14329968303143, 38.71539640804157], [-9.14333901768767, 38.71530643970928], [-9.14341596762776, 38.71513057140866], [-9.14343589633173, 38.71505871444318], [-9.14349376044321, 38.71505322221714], [-9.14370662492636, 38.71503285139519], [-9.14411343612607, 38.71570355544918], [-9.14421574085846, 38.71582086046415], [-9.14450262262469, 38.71571055918849], [-9.1448427093325, 38.71557985514939], [-9.14509679339448, 38.71548217433593], [-9.14565189149392, 38.71557987335431], [-9.14623575099599, 38.71572748989649], [-9.1470045668822, 38.71591981008776], [-9.14716977932767, 38.71596114933265], [-9.14731620741099, 38.71601446423276], [-9.1474379904313, 38.71606484091243], [-9.14760536166116, 38.71619085110408], [-9.14768389120847, 38.71625018465159], [-9.14775183960775, 38.71631334104001], [-9.14778033717194, 38.71633989396231], [-9.14779511752431, 38.7163477079324], [-9.14802789419336, 38.71647222562328], [-9.14837783069114, 38.71665938236768], [-9.1491171964009, 38.71702893560808], [-9.14930031480147, 38.7171153474649], [-9.14941848818292, 38.71716026402957], [-9.14958007157434, 38.7169123965152], [-9.14987936293636, 38.71645264413896], [-9.15014076155682, 38.71603582428583], [-9.15009249475448, 38.71570636297906], [-9.1500463199134, 38.71539143116311], [-9.15076050799369, 38.71548725357078], [-9.15153837992095, 38.7156689123425], [-9.151628001337, 38.71568983519897], [-9.15166542416991, 38.71567618742078], [-9.15193443986142, 38.71557823919445], [-9.15217633459435, 38.71598536071174], [-9.15221960817049, 38.7160582301722], [-9.15257634901145, 38.71664619437814], [-9.1526469914261, 38.71676260239158], [-9.15281399335915, 38.71662107163062], [-9.15304976543495, 38.71643227989648], [-9.15318841522858, 38.71630225668819], [-9.15354614875589, 38.71601475256207], [-9.15368889659389, 38.71593078990388], [-9.15376153138784, 38.71588802057265], [-9.15406980728828, 38.71570435793939], [-9.1544555620044, 38.71550371160853], [-9.15449251434185, 38.71555536334219], [-9.15471851051428, 38.71589090851542], [-9.15483663377451, 38.71616001888798], [-9.15506828104524, 38.71699634912539], [-9.15515427442977, 38.71725357933439], [-9.15557398763368, 38.7184257837332], [-9.15560467300134, 38.71877844110328], [-9.15564387462258, 38.7197285124494], [-9.15549514332115, 38.72007067104203], [-9.15551904136491, 38.72031105955585], [-9.1555822081013, 38.72043481482415], [-9.1556460624794, 38.72059865626562], [-9.15611424232446, 38.72111186338537], [-9.15661760309437, 38.72166458343434], [-9.15671224810731, 38.72175402082591], [-9.1569014876128, 38.72193728264514], [-9.15712451357148, 38.72216745663412], [-9.15735376169607, 38.72229380685608], [-9.15763867697957, 38.7224533564023], [-9.15783304900265, 38.72256109478979], [-9.15863559577334, 38.7229829984355], [-9.1594437346141, 38.72341727735062], [-9.15963794230661, 38.72356933191858], [-9.16063556038602, 38.72426586436703], [-9.1598628296024, 38.72441756133168], [-9.15884515552637, 38.72462472015103], [-9.15747518844708, 38.72480249596882], [-9.1563747966847, 38.72487078938149], [-9.15609468384823, 38.7248881164604], [-9.1537257395517, 38.72503462599905], [-9.15352459119377, 38.7250470688524], [-9.15108928079826, 38.72519602564347], [-9.15002683390283, 38.72526100136297], [-9.14947664531816, 38.72615478036641], [-9.14822097102459, 38.72819452998698], [-9.14812522904327, 38.7283520981287], [-9.14791307094523, 38.72807289381272], [-9.14776266899295, 38.72802277253754], [-9.14760152401111, 38.72802417379219], [-9.1473800873772, 38.72804951388716], [-9.14702056589216, 38.72803389718159], [-9.14677788152568, 38.72811955061259], [-9.14663915011508, 38.72816848435423], [-9.14590950635558, 38.72827100031514], [-9.14531909988135, 38.72836740862935], [-9.1451045096026, 38.7284583803942], [-9.14492245914439, 38.72824974690528], [-9.14405226829401, 38.72730489175012], [-9.14325536393484, 38.72641632544804], [-9.14286333307799, 38.72595469365496], [-9.14309350682433, 38.72582474221991], [-9.14313485318548, 38.72582114126947], [-9.14328605298047, 38.72584469385328], [-9.14339003603795, 38.72588718888788], [-9.14357017569628, 38.72572098975839], [-9.14346056103041, 38.7255478177502], [-9.1435604785938, 38.72531076782266], [-9.14344024713377, 38.7250753530835], [-9.14340126738156, 38.72504292112351], [-9.14323851938723, 38.72498709597706], [-9.14321422023527, 38.72497489128728], [-9.1429825393457, 38.72501734091836], [-9.14265437041112, 38.72483056594708], [-9.1425421621114, 38.72470163237023], [-9.14243763361283, 38.72455319158728], [-9.14236427416872, 38.72439556383031], [-9.14231307952767, 38.7243223952597], [-9.14230747329776, 38.72430192462453], [-9.14224335584431, 38.72411754829276], [-9.14215945307897, 38.72413203204088], [-9.14199498455354, 38.72414759837204], [-9.1419928892955, 38.72409149470578], [-9.14199279455611, 38.72408557554952], [-9.1419153129207, 38.72353067460583], [-9.1424895443267, 38.72324569027545], [-9.14232160488827, 38.72313411927031], [-9.14153445499073, 38.72265576210044], [-9.14125313597154, 38.72245524636317], [-9.1411571350923, 38.72245607598614], [-9.1407728760003, 38.72234328347216], [-9.14122048892178, 38.72185187859549], [-9.14127281643632, 38.72176210525306], [-9.14158056512001, 38.72129194124901], [-9.14167992318406, 38.72112948190928], [-9.14172182628422, 38.72102351204944], [-9.14187897279656, 38.72062539160343], [-9.14181540864267, 38.72060117380303], [-9.14130928805516, 38.72029045752051], [-9.14085662595734, 38.72027912078574], [-9.1403285273534, 38.72026599830938], [-9.14033700078664, 38.72023530662432], [-9.14035211097591, 38.72019855040422], [-9.14090233882275, 38.71965378168072], [-9.14064112231066, 38.71913205195193], [-9.14038159425142, 38.71865546173785], [-9.14057177725788, 38.71860794496946], [-9.14094233549644, 38.71805887169779], [-9.14102231677435, 38.71802305054864], [-9.14122177219678, 38.71797989187239], [-9.14144875575491, 38.71793199149288], [-9.14158523297604, 38.71790739202326], [-9.14172766033319, 38.71786087442799], [-9.14187062625996, 38.7178127675262], [-9.14183137545753, 38.71775033026268], [-9.14175176640347, 38.71764922984284], [-9.14168619500959, 38.71756512324285], [-9.14155033903064, 38.71738884258593], [-9.14131789507242, 38.7171057532426], [-9.14115044734413, 38.71689877902962]]]], "type": "MultiPolygon"}}, {"type": "Feature", "properties": {"name": "Arroios", "wof:id": 1511679669, "source": "pt-dgt via whosonfirst"}, "geometry": {"coordinates": [[[[-9.13170435446473, 38.72331622671748], [-9.13238515747049, 38.72288857942343], [-9.1321077222527, 38.72270088963397], [-9.13166309553089, 38.72239752759263], [-9.13158060000074, 38.72233607961202], [-9.1315351453533, 38.72229233009931], [-9.13150710071614, 38.72226014123218], [-9.13147761697616, 38.72220724742056], [-9.13145863119105, 38.72216507341055], [-9.13144995532722, 38.7221201080898], [-9.13144202816076, 38.72204631205293], [-9.13144790903358, 38.72197329798833], [-9.13157695104924, 38.72157945318724], [-9.13179680842909, 38.72085424405346], [-9.13184659832589, 38.72071419651783], [-9.13188018548133, 38.72064905281869], [-9.13193085390701, 38.72057205292624], [-9.13198654847393, 38.72052563597257], [-9.13207773193785, 38.72046810628996], [-9.13238003748497, 38.7202961718259], [-9.13273146341641, 38.7201012959817], [-9.13284671390844, 38.72003815428394], [-9.13294820560081, 38.71997783340848], [-9.13301417092549, 38.7199259233968], [-9.13305273754126, 38.7198686889308], [-9.1330852044705, 38.71982532832289], [-9.13331887993811, 38.71951471834368], [-9.13338412297544, 38.71939471469319], [-9.13339974210649, 38.71918794197631], [-9.13339390771964, 38.71903368772231], [-9.13337762838681, 38.71892899593892], [-9.13362030704831, 38.71871196148734], [-9.13383963274164, 38.71894827171542], [-9.13386022326089, 38.71897051248563], [-9.13387124308215, 38.71896977409175], [-9.13428599782949, 38.71894119190884], [-9.1343611047123, 38.71902377344578], [-9.13445963478414, 38.71919551793144], [-9.13457356602459, 38.71941694309791], [-9.134596421902, 38.71950565422351], [-9.13466303173205, 38.71982071714341], [-9.13467533840522, 38.71990977084093], [-9.13468428783158, 38.7199838479659], [-9.13495162912863, 38.72004116338043], [-9.13499180817428, 38.7197745721624], [-9.13515340930093, 38.71977815141774], [-9.13557608418596, 38.71978771990563], [-9.13555277952947, 38.71999585409679], [-9.13601402524822, 38.7200396264813], [-9.13671893067854, 38.72016605084451], [-9.13692743082075, 38.71943807505734], [-9.13693399492465, 38.71941521253881], [-9.13703427917963, 38.7190647662997], [-9.13660783725594, 38.718532648427], [-9.13643370503154, 38.71836461727425], [-9.13638390202583, 38.71825668162105], [-9.13641784850437, 38.71815198891879], [-9.13671024037986, 38.71777447924677], [-9.13672212268935, 38.71770339600971], [-9.13664267629771, 38.71757238449771], [-9.13621634417498, 38.71712753967663], [-9.13620947011986, 38.71712033559713], [-9.13638591182868, 38.7170126879786], [-9.13650128702788, 38.71694260193812], [-9.13688607644498, 38.71671833090661], [-9.13697035198916, 38.71669355535087], [-9.13713766470218, 38.71669003058068], [-9.1371659413919, 38.71666178672492], [-9.1372005296356, 38.71658493164303], [-9.13725169064619, 38.71647143425316], [-9.13734870249819, 38.71626283768398], [-9.13750946590179, 38.71598631165635], [-9.13757118466303, 38.71590225037208], [-9.13759450599922, 38.71587002336028], [-9.1377467828037, 38.71564625164234], [-9.13789786506167, 38.71540637307528], [-9.13804512624066, 38.7152244983184], [-9.13806581897336, 38.71521264352565], [-9.1381027093902, 38.71521499455647], [-9.1381434374575, 38.71523284668889], [-9.13818395670075, 38.71523644381765], [-9.13839354723563, 38.71519338841017], [-9.13840416106896, 38.71515681880272], [-9.13841763408868, 38.71509544661077], [-9.13842267690848, 38.71507558679554], [-9.1388100234733, 38.71508013104674], [-9.13883875118607, 38.71508227461852], [-9.13890050421858, 38.71507826543679], [-9.13902324694263, 38.7150720596248], [-9.13900517666839, 38.71516173548748], [-9.13899889751691, 38.71522708408644], [-9.13898845622444, 38.71533680711798], [-9.13902029076499, 38.71541778346488], [-9.13909034200789, 38.71547735161513], [-9.13912710628871, 38.71551539175521], [-9.13916290283255, 38.71553409937646], [-9.13921891362401, 38.71556874543989], [-9.13924185767247, 38.71559044526249], [-9.13925296717951, 38.71560377140721], [-9.13939760437721, 38.71577565456314], [-9.13945192650488, 38.71586949866229], [-9.1395062196769, 38.71593675440539], [-9.13968892241953, 38.71608299554563], [-9.13980566022501, 38.71618406056927], [-9.13987188955498, 38.71615927257065], [-9.13999154814414, 38.71611128038947], [-9.14010253094729, 38.71602874550788], [-9.14027978654579, 38.71615033841526], [-9.1404335695604, 38.71616163086043], [-9.14115044734413, 38.71689877902962], [-9.14131789507242, 38.7171057532426], [-9.14155033903064, 38.71738884258593], [-9.14168619500959, 38.71756512324285], [-9.14175176640347, 38.71764922984284], [-9.14183137545753, 38.71775033026268], [-9.14187062625996, 38.7178127675262], [-9.14172766033319, 38.71786087442799], [-9.14158523297604, 38.71790739202326], [-9.14144875575491, 38.71793199149288], [-9.14122177219678, 38.71797989187239], [-9.14102231677435, 38.71802305054864], [-9.14094233549644, 38.71805887169779], [-9.14057177725788, 38.71860794496946], [-9.14038159425142, 38.71865546173785], [-9.14064112231066, 38.71913205195193], [-9.14090233882275, 38.71965378168072], [-9.14035211097591, 38.72019855040422], [-9.14033700078664, 38.72023530662432], [-9.1403285273534, 38.72026599830938], [-9.14085662595734, 38.72027912078574], [-9.14130928805516, 38.72029045752051], [-9.14181540864267, 38.72060117380303], [-9.14187897279656, 38.72062539160343], [-9.14172182628422, 38.72102351204944], [-9.14167992318406, 38.72112948190928], [-9.14158056512001, 38.72129194124901], [-9.14127281643632, 38.72176210525306], [-9.14122048892178, 38.72185187859549], [-9.1407728760003, 38.72234328347216], [-9.1411571350923, 38.72245607598614], [-9.14125313597154, 38.72245524636317], [-9.14153445499073, 38.72265576210044], [-9.14232160488827, 38.72313411927031], [-9.1424895443267, 38.72324569027545], [-9.1419153129207, 38.72353067460583], [-9.14199279455611, 38.72408557554952], [-9.1419928892955, 38.72409149470578], [-9.14199498455354, 38.72414759837204], [-9.14215945307897, 38.72413203204088], [-9.14224335584431, 38.72411754829276], [-9.14230747329776, 38.72430192462453], [-9.14231307952767, 38.7243223952597], [-9.14236427416872, 38.72439556383031], [-9.14243763361283, 38.72455319158728], [-9.1425421621114, 38.72470163237023], [-9.14265437041112, 38.72483056594708], [-9.1429825393457, 38.72501734091836], [-9.14321422023527, 38.72497489128728], [-9.14323851938723, 38.72498709597706], [-9.14340126738156, 38.72504292112351], [-9.14344024713377, 38.7250753530835], [-9.1435604785938, 38.72531076782266], [-9.14346056103041, 38.7255478177502], [-9.14357017569628, 38.72572098975839], [-9.14339003603795, 38.72588718888788], [-9.14328605298047, 38.72584469385328], [-9.14313485318548, 38.72582114126947], [-9.14309350682433, 38.72582474221991], [-9.14286333307799, 38.72595469365496], [-9.14325536393484, 38.72641632544804], [-9.14405226829401, 38.72730489175012], [-9.14492245914439, 38.72824974690528], [-9.1451045096026, 38.7284583803942], [-9.14531909988135, 38.72836740862935], [-9.14590950635558, 38.72827100031514], [-9.14663915011508, 38.72816848435423], [-9.14677788152568, 38.72811955061259], [-9.14702056589216, 38.72803389718159], [-9.1473800873772, 38.72804951388716], [-9.14760152401111, 38.72802417379219], [-9.14776266899295, 38.72802277253754], [-9.14791307094523, 38.72807289381272], [-9.14812522904327, 38.7283520981287], [-9.14732989123318, 38.72966197298636], [-9.14631652831829, 38.73133084066957], [-9.14546566872396, 38.73270392436212], [-9.14482269054116, 38.73374149588118], [-9.14514239896563, 38.73513997688095], [-9.14341422278365, 38.73515765351768], [-9.14280950718043, 38.7351778665604], [-9.14162184805133, 38.73521756126146], [-9.13912558521428, 38.73529243628319], [-9.13836576474652, 38.73534339156338], [-9.13809409639476, 38.7353990576139], [-9.13745037854734, 38.73562673196417], [-9.13713477990224, 38.73578933618386], [-9.13697314961477, 38.73587630078562], [-9.13667862087731, 38.73603259658807], [-9.13657558316773, 38.73613166769641], [-9.13651925104281, 38.73628915821779], [-9.1364873007589, 38.73639734570347], [-9.13649414592091, 38.7365903244287], [-9.13652773395624, 38.73689431881956], [-9.13442510831869, 38.73702192311123], [-9.13297801345668, 38.73710973458059], [-9.13118548918635, 38.73721848114469], [-9.1311778446822, 38.73700018779173], [-9.13116985653934, 38.73678190727275], [-9.13120747135785, 38.73574307613392], [-9.13123303135019, 38.73508556229889], [-9.13123972168638, 38.73473185467528], [-9.13126256517024, 38.73427432859238], [-9.13128503580248, 38.73382465150527], [-9.13144488328178, 38.73366735853355], [-9.13172594907768, 38.73299055698029], [-9.13173510271363, 38.73297118483662], [-9.13217494228835, 38.73204481663311], [-9.13287062676401, 38.73057358259469], [-9.13294171604276, 38.73042756508092], [-9.13311454051966, 38.7300795766158], [-9.13305518895104, 38.73011161275646], [-9.13296615463908, 38.73015921612678], [-9.13286686056696, 38.73021321268198], [-9.132970497597, 38.72964663391905], [-9.13299789328452, 38.7294012765426], [-9.13309087460198, 38.72912700677319], [-9.13305407199303, 38.72901151729708], [-9.1329815695622, 38.72878422209658], [-9.13280453580516, 38.7285337292437], [-9.1327944987593, 38.72853495457168], [-9.13269586383131, 38.72858246238424], [-9.1326138117125, 38.72856992328487], [-9.13248205202517, 38.72846457940928], [-9.13229892283662, 38.72832868828157], [-9.13215869553957, 38.72825106967444], [-9.13204227640144, 38.72820666756489], [-9.13190037146168, 38.72819013635534], [-9.13176446386383, 38.72819129924906], [-9.13162296262434, 38.72820367952488], [-9.13143172482289, 38.7282365728385], [-9.13136779477096, 38.72823711967303], [-9.13128541577012, 38.72822575435289], [-9.13122876854715, 38.72820986531564], [-9.13116366143062, 38.72816986594178], [-9.13111724583471, 38.72809036327327], [-9.13100629349996, 38.72785188476244], [-9.13096563073347, 38.72778125521945], [-9.13059207517093, 38.72780218963199], [-9.13056039243964, 38.72755852853498], [-9.13051243398471, 38.72736815274277], [-9.13045878948773, 38.72718241945003], [-9.13033477545503, 38.72681533004328], [-9.1302253887781, 38.72644162914342], [-9.13030298467712, 38.7261592018019], [-9.13037372473772, 38.72595456995972], [-9.13046929935451, 38.72567460140392], [-9.13085984429509, 38.72503341924772], [-9.13176685615628, 38.72357990744569], [-9.13170435446473, 38.72331622671748]]]], "type": "MultiPolygon"}}, {"type": "Feature", "properties": {"name": "Penha de França", "wof:id": 1511679673, "source": "pt-dgt via whosonfirst"}, "geometry": {"coordinates": [[[[-9.10480915863842, 38.72054671841217], [-9.10558223236161, 38.71994017690175], [-9.10716470855717, 38.71674234746784], [-9.10902572880158, 38.71453987585097], [-9.11547369369787, 38.71884975856332], [-9.11548828026708, 38.71885950774968], [-9.11624059029834, 38.71933662405267], [-9.11718893739858, 38.71993810229728], [-9.11905131736663, 38.72103386054983], [-9.1192064209939, 38.72112506072711], [-9.11930051423055, 38.72118614944194], [-9.11976795780329, 38.7214891852384], [-9.12110093427608, 38.72235347029209], [-9.12127621089132, 38.7225062003202], [-9.12136385177376, 38.72261616463046], [-9.12152626254334, 38.72281980751144], [-9.12166415705112, 38.72279666052531], [-9.12234709065137, 38.7228404171786], [-9.12293268264005, 38.72286292562586], [-9.12334110205936, 38.72287864831628], [-9.12393463273544, 38.72290144481274], [-9.12528516938059, 38.72304391479057], [-9.1253429785057, 38.7230500890898], [-9.1256644895177, 38.72308392736322], [-9.12646608722618, 38.72316853724177], [-9.12715569091353, 38.7236427822689], [-9.12745672913539, 38.72384983017832], [-9.12757637559088, 38.72363046140625], [-9.12775239081802, 38.72345438943941], [-9.12782985789217, 38.72341877883822], [-9.12791859363602, 38.72338316237504], [-9.12811800272652, 38.72328534944039], [-9.12829572083598, 38.72324023586867], [-9.12844058095486, 38.72323026318616], [-9.12867478732209, 38.72323700298344], [-9.12870359591741, 38.72293535571506], [-9.12871011064632, 38.72286629985558], [-9.12875186219247, 38.72242870435891], [-9.12877844977229, 38.72243063891354], [-9.12910095525257, 38.72245328949835], [-9.12915118358197, 38.7222616251135], [-9.1293276343025, 38.72181972622014], [-9.12935663290129, 38.72174696564441], [-9.12966322838573, 38.72139493493076], [-9.13002179067015, 38.72143096671948], [-9.13012161877437, 38.72145731741848], [-9.1304643572575, 38.72162031379084], [-9.13052274739525, 38.72165179182714], [-9.13057859342255, 38.7216904987477], [-9.13059329888466, 38.72170604699486], [-9.13061174614915, 38.72172615643324], [-9.13064942085063, 38.72178105239384], [-9.13068005590044, 38.72182592048294], [-9.13107782645207, 38.72240631657346], [-9.13161352274777, 38.7231882979606], [-9.13170435446473, 38.72331622671748], [-9.13176685615628, 38.72357990744569], [-9.13085984429509, 38.72503341924772], [-9.13046929935451, 38.72567460140392], [-9.13037372473772, 38.72595456995972], [-9.13030298467712, 38.7261592018019], [-9.1302253887781, 38.72644162914342], [-9.13033477545503, 38.72681533004328], [-9.13045878948773, 38.72718241945003], [-9.13051243398471, 38.72736815274277], [-9.13056039243964, 38.72755852853498], [-9.13059207517093, 38.72780218963199], [-9.13096563073347, 38.72778125521945], [-9.13100629349996, 38.72785188476244], [-9.13111724583471, 38.72809036327327], [-9.13116366143062, 38.72816986594178], [-9.13122876854715, 38.72820986531564], [-9.13128541577012, 38.72822575435289], [-9.13136779477096, 38.72823711967303], [-9.13143172482289, 38.7282365728385], [-9.13162296262434, 38.72820367952488], [-9.13176446386383, 38.72819129924906], [-9.13190037146168, 38.72819013635534], [-9.13204227640144, 38.72820666756489], [-9.13215869553957, 38.72825106967444], [-9.13229892283662, 38.72832868828157], [-9.13248205202517, 38.72846457940928], [-9.1326138117125, 38.72856992328487], [-9.13269586383131, 38.72858246238424], [-9.1327944987593, 38.72853495457168], [-9.13280453580516, 38.7285337292437], [-9.1329815695622, 38.72878422209658], [-9.13305407199303, 38.72901151729708], [-9.13309087460198, 38.72912700677319], [-9.13299789328452, 38.7294012765426], [-9.132970497597, 38.72964663391905], [-9.13286686056696, 38.73021321268198], [-9.13296615463908, 38.73015921612678], [-9.13305518895104, 38.73011161275646], [-9.13311454051966, 38.7300795766158], [-9.13294171604276, 38.73042756508092], [-9.13287062676401, 38.73057358259469], [-9.13217494228835, 38.73204481663311], [-9.13173510271363, 38.73297118483662], [-9.13172594907768, 38.73299055698029], [-9.13144488328178, 38.73366735853355], [-9.13128503580248, 38.73382465150527], [-9.13126256517024, 38.73427432859238], [-9.13123972168638, 38.73473185467528], [-9.13123303135019, 38.73508556229889], [-9.13120747135785, 38.73574307613392], [-9.13116985653934, 38.73678190727275], [-9.1311778446822, 38.73700018779173], [-9.13118548918635, 38.73721848114469], [-9.12976929074927, 38.73730498563301], [-9.12916246694042, 38.73734204848076], [-9.12904634654952, 38.73735321856881], [-9.12886696389214, 38.73736375643473], [-9.128574014399, 38.73735277669074], [-9.1282311495662, 38.73743654066386], [-9.12775171635111, 38.73755468495547], [-9.12709878818955, 38.73766906193102], [-9.12655854874435, 38.73783885240694], [-9.12647596316273, 38.73786479337867], [-9.12640371053584, 38.73773857577285], [-9.12601887483738, 38.73706608533244], [-9.1257260023771, 38.73640659287265], [-9.12529625491088, 38.73591148574688], [-9.12452443236325, 38.73528803856907], [-9.12443522507172, 38.73521601335909], [-9.12328702704824, 38.73427813973402], [-9.1229174586933, 38.73394123063977], [-9.12236689086538, 38.73349703984015], [-9.12205179038431, 38.73332288689097], [-9.12168492513721, 38.73318087946024], [-9.12158912560849, 38.73315574870595], [-9.12098155100911, 38.73299641000362], [-9.12033001023998, 38.73278429478773], [-9.11949681265039, 38.73285907919549], [-9.11887668789493, 38.73288188452783], [-9.11885979170273, 38.73288247740081], [-9.11859050451098, 38.73286097068751], [-9.11717568528193, 38.73274806188684], [-9.11721568277344, 38.73264593619319], [-9.1172492133563, 38.73257539248972], [-9.11726536065097, 38.7324950864631], [-9.11726349276108, 38.73244285651447], [-9.11725446483605, 38.7323717712077], [-9.11724775022218, 38.73230156721171], [-9.11722457760397, 38.73220537892949], [-9.11720894816332, 38.73215596719096], [-9.11717676306983, 38.7320733665798], [-9.11712878693181, 38.7319296462295], [-9.11709645260312, 38.73183623739733], [-9.1170041373074, 38.73156227779601], [-9.11694894138403, 38.73139519764286], [-9.11688678470921, 38.73122367209821], [-9.11682409728137, 38.73109719036655], [-9.11676802525656, 38.73103370807364], [-9.11671891430017, 38.73097467021959], [-9.11654469039239, 38.73076535529552], [-9.11636673279269, 38.73053535428482], [-9.11604267173424, 38.7301336329867], [-9.11596307218728, 38.73003161423325], [-9.11557803691075, 38.72954392947151], [-9.11556166764616, 38.72952425060618], [-9.1153533146975, 38.7292575711061], [-9.11526554490001, 38.72914661262124], [-9.11519400993356, 38.72904542634964], [-9.11514221855935, 38.72895848588676], [-9.11509361789433, 38.72885260294646], [-9.1150553905399, 38.72874843352629], [-9.11499770452179, 38.72856696154734], [-9.11494793807116, 38.72840956324237], [-9.11478253856797, 38.72788687906578], [-9.11473830252518, 38.72774690950229], [-9.11467194147046, 38.72753650388174], [-9.11461193318496, 38.72735324958839], [-9.11454832674744, 38.72715921510272], [-9.11449428993499, 38.72699212389379], [-9.11443779359432, 38.72681334304968], [-9.11441739447199, 38.72675136077871], [-9.11437788395158, 38.72663729318786], [-9.1143494128393, 38.72657357708007], [-9.1143099336827, 38.72651634895661], [-9.11423845488711, 38.72644840066393], [-9.11416996393211, 38.72640123456758], [-9.11354057848357, 38.72605449819401], [-9.11317817460616, 38.72585648723798], [-9.11311669068939, 38.7258170986321], [-9.11289457555555, 38.7256693438967], [-9.11269847728696, 38.72572539758684], [-9.11267970560187, 38.72571492557298], [-9.11236012687881, 38.72553700020656], [-9.11137071088889, 38.72493672976048], [-9.11009735313815, 38.72416425472524], [-9.11005391836613, 38.72413454485667], [-9.10480915863842, 38.72054671841217]]]], "type": "MultiPolygon"}}, {"type": "Feature", "properties": {"name": "Beato", "wof:id": 1511679683, "source": "pt-dgt via whosonfirst"}, "geometry": {"coordinates": [[[[-9.09658904370509, 38.73190682312001], [-9.09810425128634, 38.72812317468146], [-9.09975435324265, 38.72487174182347], [-9.10216319975189, 38.72262250602977], [-9.10480915863842, 38.72054671841217], [-9.11005391836613, 38.72413454485667], [-9.11009735313815, 38.72416425472524], [-9.11137071088889, 38.72493672976048], [-9.11236012687881, 38.72553700020656], [-9.11267970560187, 38.72571492557298], [-9.11269847728696, 38.72572539758684], [-9.11289457555555, 38.7256693438967], [-9.11311669068939, 38.7258170986321], [-9.11317817460616, 38.72585648723798], [-9.11354057848357, 38.72605449819401], [-9.11416996393211, 38.72640123456758], [-9.11423845488711, 38.72644840066393], [-9.1143099336827, 38.72651634895661], [-9.1143494128393, 38.72657357708007], [-9.11437788395158, 38.72663729318786], [-9.11441739447199, 38.72675136077871], [-9.11443779359432, 38.72681334304968], [-9.11449428993499, 38.72699212389379], [-9.11454832674744, 38.72715921510272], [-9.11461193318496, 38.72735324958839], [-9.11467194147046, 38.72753650388174], [-9.11473830252518, 38.72774690950229], [-9.11478253856797, 38.72788687906578], [-9.11494793807116, 38.72840956324237], [-9.11499770452179, 38.72856696154734], [-9.1150553905399, 38.72874843352629], [-9.11509361789433, 38.72885260294646], [-9.11514221855935, 38.72895848588676], [-9.11519400993356, 38.72904542634964], [-9.11526554490001, 38.72914661262124], [-9.1153533146975, 38.7292575711061], [-9.11556166764616, 38.72952425060618], [-9.11557803691075, 38.72954392947151], [-9.11596307218728, 38.73003161423325], [-9.11604267173424, 38.7301336329867], [-9.11636673279269, 38.73053535428482], [-9.11654469039239, 38.73076535529552], [-9.11671891430017, 38.73097467021959], [-9.11676802525656, 38.73103370807364], [-9.11682409728137, 38.73109719036655], [-9.11688678470921, 38.73122367209821], [-9.11694894138403, 38.73139519764286], [-9.1170041373074, 38.73156227779601], [-9.11709645260312, 38.73183623739733], [-9.11712878693181, 38.7319296462295], [-9.11717676306983, 38.7320733665798], [-9.11720894816332, 38.73215596719096], [-9.11722457760397, 38.73220537892949], [-9.11724775022218, 38.73230156721171], [-9.11725446483605, 38.7323717712077], [-9.11726349276108, 38.73244285651447], [-9.11726536065097, 38.7324950864631], [-9.1172492133563, 38.73257539248972], [-9.11721568277344, 38.73264593619319], [-9.11717568528193, 38.73274806188684], [-9.11859050451098, 38.73286097068751], [-9.11885979170273, 38.73288247740081], [-9.11887668789493, 38.73288188452783], [-9.11949681265039, 38.73285907919549], [-9.12033001023998, 38.73278429478773], [-9.12098155100911, 38.73299641000362], [-9.12158912560849, 38.73315574870595], [-9.12168492513721, 38.73318087946024], [-9.12205179038431, 38.73332288689097], [-9.12236689086538, 38.73349703984015], [-9.1229174586933, 38.73394123063977], [-9.12328702704824, 38.73427813973402], [-9.12443522507172, 38.73521601335909], [-9.12452443236325, 38.73528803856907], [-9.12529625491088, 38.73591148574688], [-9.1257260023771, 38.73640659287265], [-9.12601887483738, 38.73706608533244], [-9.12640371053584, 38.73773857577285], [-9.12647596316273, 38.73786479337867], [-9.12586315627518, 38.73797035241597], [-9.12493223558218, 38.7382259827519], [-9.12373686957293, 38.73865409746405], [-9.12322487511709, 38.73893354533059], [-9.12341895348599, 38.73913396201078], [-9.12359299459783, 38.73930219190765], [-9.12363139389881, 38.73935145840279], [-9.12365441008803, 38.73937432799325], [-9.12379646611746, 38.73948098154373], [-9.12390038807981, 38.73954482221228], [-9.12389574948509, 38.7395967540109], [-9.12388869713694, 38.73967476690812], [-9.12388000134411, 38.73997544010459], [-9.12389338669955, 38.74034706929653], [-9.12369940754473, 38.7405229631518], [-9.12357911661883, 38.74059809104715], [-9.12346751784711, 38.74065636353401], [-9.12334325586413, 38.74070216011265], [-9.12325110241406, 38.74071695247194], [-9.12318919241759, 38.74071967208788], [-9.12313783424637, 38.74071882977144], [-9.12291566111817, 38.74071555159122], [-9.12274729677375, 38.74070775489366], [-9.12254173554125, 38.74069740020844], [-9.12230872777377, 38.74067568161523], [-9.12195109066244, 38.74064090431227], [-9.12177024326417, 38.74062330045715], [-9.12164726499855, 38.74061228982254], [-9.12154907619381, 38.74060478968584], [-9.12145467563193, 38.74060126593381], [-9.12118908485387, 38.74065535060586], [-9.12100929768412, 38.740691979243], [-9.12071512416084, 38.74075186495479], [-9.12033934686348, 38.74100959600114], [-9.12010408200994, 38.74117076335111], [-9.11931626459393, 38.74046481624059], [-9.11833460787031, 38.73955359238087], [-9.11807802978663, 38.73930408035228], [-9.11786505216902, 38.73909698599531], [-9.11778391762671, 38.73901804175865], [-9.11768311954195, 38.73881396458773], [-9.11765496319603, 38.73875700269868], [-9.11763074899389, 38.73867721770056], [-9.11760482723411, 38.73857366631262], [-9.11756163351784, 38.73840171142174], [-9.11752204938933, 38.73828314275663], [-9.11751533134145, 38.7382378897661], [-9.11750431395412, 38.738164389182], [-9.11748982799209, 38.73810623117803], [-9.11746086571549, 38.73809098154073], [-9.11743666290808, 38.73807893555076], [-9.11703158586353, 38.73787751420413], [-9.11697889594299, 38.73785129531043], [-9.11690093005388, 38.73781862329926], [-9.11644921495311, 38.73762948369856], [-9.11637006484479, 38.73760267640566], [-9.11591329287227, 38.73744699553998], [-9.11590394050015, 38.73736897685399], [-9.11589623713897, 38.73731049137661], [-9.1158940109104, 38.73723214163793], [-9.11588745754437, 38.73717364648998], [-9.11587880174464, 38.73712958070603], [-9.11586103377666, 38.73709189793789], [-9.1158387758849, 38.73706235909466], [-9.11580270721799, 38.73703203646424], [-9.1156655042666, 38.73692329650333], [-9.11545617744684, 38.73675499173977], [-9.11543997678429, 38.7367477414309], [-9.11541222962088, 38.73673716605949], [-9.11537164779765, 38.73671318582607], [-9.11535417629716, 38.73669711937249], [-9.11534591567749, 38.73668187540618], [-9.11528472058467, 38.73674814794568], [-9.11526199386279, 38.73676815621146], [-9.11524377948276, 38.73678182105209], [-9.11521857896156, 38.7367892390765], [-9.11519561784898, 38.73679213524722], [-9.11515994429204, 38.73679063337772], [-9.11512425841426, 38.73678823171466], [-9.11508392333445, 38.73678226504774], [-9.11504813879506, 38.73677265789443], [-9.11493496141153, 38.73673847966095], [-9.11467975928628, 38.73666315970365], [-9.11460597679837, 38.73665026833005], [-9.11455185463192, 38.73664531892771], [-9.11446673395534, 38.73664423289152], [-9.11438159981732, 38.73664224702006], [-9.11432405243313, 38.73663912783906], [-9.11428028108631, 38.73663409052489], [-9.11423994616982, 38.73662812446519], [-9.11419492515405, 38.73661589221222], [-9.11414168076508, 38.73659111793743], [-9.11404802877387, 38.73655497339946], [-9.11397749926543, 38.73652764173685], [-9.11394161643912, 38.73651082877113], [-9.11391949617667, 38.73649119705801], [-9.11387243610265, 38.73641412511815], [-9.11384419656505, 38.73636752201921], [-9.11381122059148, 38.73631104999147], [-9.11376669584232, 38.73625107169067], [-9.11372913248142, 38.73619553890967], [-9.11364580847646, 38.73607373262351], [-9.11357886731158, 38.73597250696822], [-9.11355054079331, 38.73591959901241], [-9.11352201729494, 38.735852280106], [-9.11348652027957, 38.73577961495383], [-9.113469865769, 38.73573922010621], [-9.11346600844172, 38.73570952647779], [-9.113480033109, 38.7356418498157], [-9.11336835671975, 38.73554910718786], [-9.11292304601809, 38.7355151939977], [-9.11291392330833, 38.73551247802266], [-9.1125903877913, 38.73541854032791], [-9.11165280941835, 38.73514608288589], [-9.11097532272917, 38.7348945881751], [-9.11065247379379, 38.73477469665648], [-9.11040926975604, 38.73468440396634], [-9.10940485315119, 38.73425737330954], [-9.10920701210197, 38.73444053597948], [-9.10901109693962, 38.73457945356184], [-9.10889969733244, 38.73465839262897], [-9.10875911578242, 38.73478171374808], [-9.10875343228124, 38.73478662543715], [-9.10861360478864, 38.73470366151823], [-9.10818461759893, 38.73444908298254], [-9.10775737566604, 38.73422115071347], [-9.10696773453394, 38.73591076444071], [-9.10677205264249, 38.73632954922], [-9.10623069567423, 38.73748769563122], [-9.10566422364331, 38.7368577268857], [-9.1055059600768, 38.73666301773672], [-9.10477278938249, 38.73648672557578], [-9.10456694885349, 38.73643592407788], [-9.10440535128783, 38.73639614866757], [-9.10431282940816, 38.7363725880312], [-9.10409954343861, 38.73631980277678], [-9.10401996220568, 38.73629978350628], [-9.10411615912938, 38.7360660407742], [-9.10418707949292, 38.73586817913182], [-9.10395760594603, 38.73582324783003], [-9.10360256861774, 38.73576323629898], [-9.10371327848735, 38.73536137735392], [-9.10389160658271, 38.73468791057463], [-9.10395835063273, 38.73444495513513], [-9.10387886115029, 38.73441796289145], [-9.10352578150023, 38.73429821257749], [-9.10351254609049, 38.73406835306542], [-9.10343928068068, 38.73403392148726], [-9.10265595185004, 38.73366633723138], [-9.1026055905198, 38.73365173337213], [-9.09658904370509, 38.73190682312001]]]], "type": "MultiPolygon"}}, {"type": "Feature", "properties": {"name": "Campolide", "wof:id": 1511679685, "source": "pt-dgt via whosonfirst"}, "geometry": {"coordinates": [[[[-9.15772472816676, 38.73885730707494], [-9.15732955782333, 38.73843316984143], [-9.15642032104812, 38.73745726407506], [-9.15721560722552, 38.73719447829053], [-9.15745634706562, 38.73710936794128], [-9.15773633252013, 38.73667310622299], [-9.1576315519795, 38.73661971362947], [-9.15790409146639, 38.73625268168222], [-9.15765226927335, 38.73613517844475], [-9.15783460650199, 38.73576912275931], [-9.1582651351389, 38.73461657905668], [-9.15847256121974, 38.73465859646589], [-9.1585287449127, 38.73445944187576], [-9.15877358305644, 38.73430315700821], [-9.15906877332304, 38.73430398776751], [-9.1592433591867, 38.73382292531454], [-9.15912363158002, 38.73362535049738], [-9.15845540366971, 38.73389985114803], [-9.15720397085207, 38.73296738239181], [-9.15718417750924, 38.73295198932703], [-9.15547514153381, 38.73162236293938], [-9.15727940467297, 38.73033770517995], [-9.15909010614869, 38.72905559339596], [-9.16000827787268, 38.72840542904207], [-9.1597144082479, 38.72809688780139], [-9.15957108517348, 38.72794663060845], [-9.15791288380273, 38.72621449020055], [-9.15702444821847, 38.72528638626007], [-9.1563747966847, 38.72487078938149], [-9.15747518844708, 38.72480249596882], [-9.15884515552637, 38.72462472015103], [-9.1598628296024, 38.72441756133168], [-9.16063556038602, 38.72426586436703], [-9.16297483616864, 38.72380656758027], [-9.16463230390175, 38.7234976461411], [-9.16609801486694, 38.72322444729586], [-9.166122104568, 38.7232197232989], [-9.16840586626336, 38.72277406635874], [-9.1690122924497, 38.72265571874136], [-9.16959158783262, 38.7225529678264], [-9.17084007326124, 38.72233149835277], [-9.17085007422049, 38.72233011064481], [-9.17123548654919, 38.72230276756039], [-9.17167758226371, 38.72230117666069], [-9.17214209990894, 38.72235514344298], [-9.17265196945968, 38.72245986793102], [-9.1733102682583, 38.72261637450466], [-9.17408498265399, 38.72280055333666], [-9.17491520959609, 38.72299778103338], [-9.17502301798847, 38.72302335378214], [-9.17566383855585, 38.72317550338239], [-9.17783936311492, 38.72369192031176], [-9.17799914466261, 38.72372980076215], [-9.17812218590861, 38.72375903760107], [-9.17812493735969, 38.72384783041301], [-9.17813051290608, 38.72403253248578], [-9.17797932927459, 38.72418404199365], [-9.17722579978086, 38.72448299814075], [-9.17673521466184, 38.72461017913478], [-9.17534936423446, 38.72496943500947], [-9.1748130987052, 38.72515437810107], [-9.17469365774511, 38.72521201255589], [-9.17446223671437, 38.72542691443172], [-9.17423794722338, 38.72576304123788], [-9.17413931512966, 38.72591776467588], [-9.17405232743918, 38.72606437636522], [-9.17390802934623, 38.72638192675652], [-9.17385826601284, 38.72651838832027], [-9.17385334654066, 38.72663727177007], [-9.17386192425545, 38.72669896222593], [-9.17389296166138, 38.72676939661667], [-9.17397536894948, 38.7269113175113], [-9.17416377223375, 38.72720475949492], [-9.17428598125629, 38.72734518170221], [-9.17494146622736, 38.7276968407689], [-9.1756141233541, 38.72779335426788], [-9.1760105524828, 38.72803338325784], [-9.17831618130498, 38.73008923253425], [-9.17941172350345, 38.73111756395767], [-9.18000813476839, 38.73163835944884], [-9.18015047083727, 38.73201588672728], [-9.17995047622692, 38.73225681074305], [-9.17926494160344, 38.73249179915742], [-9.1782481328456, 38.73280965167407], [-9.17811833087761, 38.73282783873588], [-9.17798833118352, 38.73284035248371], [-9.17783323659785, 38.73283462430015], [-9.17762744357959, 38.73281629837685], [-9.17756901843286, 38.73280538136064], [-9.17712478415124, 38.73272224120452], [-9.17652963863866, 38.73261892945798], [-9.17637256068403, 38.73259619312205], [-9.17621298047964, 38.73256753372912], [-9.17609017503865, 38.73256863129187], [-9.17591690762609, 38.73258720370985], [-9.17577888367927, 38.73260149807147], [-9.17560462841606, 38.73263115938111], [-9.17533078050503, 38.73271611666357], [-9.17514967102726, 38.73280429838165], [-9.17496032979746, 38.73293534942946], [-9.17476774648811, 38.73311244110202], [-9.17462523297316, 38.73326089993112], [-9.17447835319908, 38.73344340567616], [-9.17426015078342, 38.73367139472646], [-9.17413466884241, 38.73387969706398], [-9.1741859651161, 38.73414181690184], [-9.17430236211471, 38.73429694908688], [-9.17448607162367, 38.73439810106506], [-9.17427128233986, 38.73654486197389], [-9.17386493002547, 38.73886088040531], [-9.17274720051284, 38.73943953449442], [-9.17254741669394, 38.7393562502703], [-9.17231269053143, 38.73927006416346], [-9.17211405810568, 38.73921418248822], [-9.17192152822485, 38.73918256828617], [-9.17180058554647, 38.73917013309489], [-9.17167979830718, 38.73916850579523], [-9.17153852239617, 38.73918147291892], [-9.1714145602329, 38.73919878999713], [-9.17129185230474, 38.73922330116917], [-9.17120551062737, 38.73945556926653], [-9.17105453391167, 38.73975146606482], [-9.1710198761921, 38.73982023332405], [-9.1707494551503, 38.74020727035386], [-9.17064799380482, 38.74026942513585], [-9.17050969108522, 38.74040847336325], [-9.17038823396511, 38.7405194476658], [-9.17017442298285, 38.74068619082246], [-9.16991953625247, 38.74087581661138], [-9.16978847248611, 38.74095895212803], [-9.16854222060951, 38.74167018959478], [-9.16843779012205, 38.74155122310331], [-9.16743978467628, 38.74024319368864], [-9.16703635977675, 38.73967481670826], [-9.16666667986452, 38.73938614031589], [-9.16642553062336, 38.73921307443696], [-9.16591775158458, 38.73896598225026], [-9.16462615803067, 38.73873130474382], [-9.16370764996857, 38.7385644067847], [-9.16293520569788, 38.73841914879873], [-9.16070692078676, 38.7380000887653], [-9.16022767751246, 38.73790995446801], [-9.15980556274181, 38.73798104681928], [-9.15870146630861, 38.73844619721972], [-9.15772472816676, 38.73885730707494]]]], "type": "MultiPolygon"}}, {"type": "Feature", "properties": {"name": "Avenidas Novas", "wof:id": 1511679689, "source": "pt-dgt via whosonfirst"}, "geometry": {"coordinates": [[[[-9.14551285814908, 38.74500866886137], [-9.14519760772255, 38.74466355852231], [-9.14510572783204, 38.74456291135522], [-9.14507451161657, 38.74450788068596], [-9.14450397009091, 38.74349789454797], [-9.14389001963599, 38.74238372581208], [-9.14337069061523, 38.74159848330059], [-9.14225539091783, 38.73991199372361], [-9.14190461166535, 38.73918647658765], [-9.14242447628866, 38.73903409624225], [-9.14243590125271, 38.73903063406068], [-9.14236299704952, 38.73868501349017], [-9.14226588734751, 38.73824167837505], [-9.14208864634262, 38.7374094614355], [-9.14195707029164, 38.73679164947153], [-9.14180542700774, 38.73607960272739], [-9.14162184805133, 38.73521756126146], [-9.14280950718043, 38.7351778665604], [-9.14341422278365, 38.73515765351768], [-9.14514239896563, 38.73513997688095], [-9.14482269054116, 38.73374149588118], [-9.14546566872396, 38.73270392436212], [-9.14631652831829, 38.73133084066957], [-9.14732989123318, 38.72966197298636], [-9.14812522904327, 38.7283520981287], [-9.14822097102459, 38.72819452998698], [-9.14947664531816, 38.72615478036641], [-9.15002683390283, 38.72526100136297], [-9.15108928079826, 38.72519602564347], [-9.15352459119377, 38.7250470688524], [-9.1537257395517, 38.72503462599905], [-9.15609468384823, 38.7248881164604], [-9.1563747966847, 38.72487078938149], [-9.15702444821847, 38.72528638626007], [-9.15791288380273, 38.72621449020055], [-9.15957108517348, 38.72794663060845], [-9.1597144082479, 38.72809688780139], [-9.16000827787268, 38.72840542904207], [-9.15909010614869, 38.72905559339596], [-9.15727940467297, 38.73033770517995], [-9.15547514153381, 38.73162236293938], [-9.15718417750924, 38.73295198932703], [-9.15720397085207, 38.73296738239181], [-9.15845540366971, 38.73389985114803], [-9.15912363158002, 38.73362535049738], [-9.1592433591867, 38.73382292531454], [-9.15906877332304, 38.73430398776751], [-9.15877358305644, 38.73430315700821], [-9.1585287449127, 38.73445944187576], [-9.15847256121974, 38.73465859646589], [-9.1582651351389, 38.73461657905668], [-9.15783460650199, 38.73576912275931], [-9.15765226927335, 38.73613517844475], [-9.15790409146639, 38.73625268168222], [-9.1576315519795, 38.73661971362947], [-9.15773633252013, 38.73667310622299], [-9.15745634706562, 38.73710936794128], [-9.15721560722552, 38.73719447829053], [-9.15642032104812, 38.73745726407506], [-9.15732955782333, 38.73843316984143], [-9.15772472816676, 38.73885730707494], [-9.15750243198029, 38.73895167224428], [-9.15862165753492, 38.74041741814298], [-9.15886629542126, 38.74073703156913], [-9.15895554730936, 38.7408765642952], [-9.16018463034437, 38.74080948663494], [-9.16176692152257, 38.7407955503254], [-9.16214695809996, 38.74081345839068], [-9.16284341256302, 38.74113600927272], [-9.16307846330208, 38.74127044218501], [-9.16596025442113, 38.74291854452056], [-9.16648102189131, 38.74321635797848], [-9.16202180669246, 38.74512628590168], [-9.16178575641903, 38.7452273893049], [-9.15982022228055, 38.745986479065], [-9.15893776323177, 38.74627775039478], [-9.15824838316652, 38.746505283123], [-9.15780753524313, 38.74665985422999], [-9.15669463026831, 38.74695597877886], [-9.15547529599502, 38.74720789539792], [-9.1535436451657, 38.74749611719093], [-9.15150671393045, 38.74782287809293], [-9.15026029995596, 38.74800354695535], [-9.14945965269401, 38.74811960548593], [-9.14845028632403, 38.74824891627104], [-9.1483937915062, 38.74825784375019], [-9.14831895189165, 38.7479531886257], [-9.14765052345754, 38.74523196213063], [-9.14757666576676, 38.74493120362266], [-9.14752377331791, 38.74463179443558], [-9.14635142326301, 38.7448515140628], [-9.14551285814908, 38.74500866886137]]]], "type": "MultiPolygon"}}, {"type": "Feature", "properties": {"name": "Areeiro", "wof:id": 1511679691, "source": "pt-dgt via whosonfirst"}, "geometry": {"coordinates": [[[[-9.12010408200994, 38.74117076335111], [-9.12033934686348, 38.74100959600114], [-9.12071512416084, 38.74075186495479], [-9.12100929768412, 38.740691979243], [-9.12118908485387, 38.74065535060586], [-9.12145467563193, 38.74060126593381], [-9.12154907619381, 38.74060478968584], [-9.12164726499855, 38.74061228982254], [-9.12177024326417, 38.74062330045715], [-9.12195109066244, 38.74064090431227], [-9.12230872777377, 38.74067568161523], [-9.12254173554125, 38.74069740020844], [-9.12274729677375, 38.74070775489366], [-9.12291566111817, 38.74071555159122], [-9.12313783424637, 38.74071882977144], [-9.12318919241759, 38.74071967208788], [-9.12325110241406, 38.74071695247194], [-9.12334325586413, 38.74070216011265], [-9.12346751784711, 38.74065636353401], [-9.12357911661883, 38.74059809104715], [-9.12369940754473, 38.7405229631518], [-9.12389338669955, 38.74034706929653], [-9.12388000134411, 38.73997544010459], [-9.12388869713694, 38.73967476690812], [-9.12389574948509, 38.7395967540109], [-9.12390038807981, 38.73954482221228], [-9.12379646611746, 38.73948098154373], [-9.12365441008803, 38.73937432799325], [-9.12363139389881, 38.73935145840279], [-9.12359299459783, 38.73930219190765], [-9.12341895348599, 38.73913396201078], [-9.12322487511709, 38.73893354533059], [-9.12373686957293, 38.73865409746405], [-9.12493223558218, 38.7382259827519], [-9.12586315627518, 38.73797035241597], [-9.12647596316273, 38.73786479337867], [-9.12655854874435, 38.73783885240694], [-9.12709878818955, 38.73766906193102], [-9.12775171635111, 38.73755468495547], [-9.1282311495662, 38.73743654066386], [-9.128574014399, 38.73735277669074], [-9.12886696389214, 38.73736375643473], [-9.12904634654952, 38.73735321856881], [-9.12916246694042, 38.73734204848076], [-9.12976929074927, 38.73730498563301], [-9.13118548918635, 38.73721848114469], [-9.13297801345668, 38.73710973458059], [-9.13442510831869, 38.73702192311123], [-9.13652773395624, 38.73689431881956], [-9.13649414592091, 38.7365903244287], [-9.1364873007589, 38.73639734570347], [-9.13651925104281, 38.73628915821779], [-9.13657558316773, 38.73613166769641], [-9.13667862087731, 38.73603259658807], [-9.13697314961477, 38.73587630078562], [-9.13713477990224, 38.73578933618386], [-9.13745037854734, 38.73562673196417], [-9.13809409639476, 38.7353990576139], [-9.13836576474652, 38.73534339156338], [-9.13912558521428, 38.73529243628319], [-9.14162184805133, 38.73521756126146], [-9.14180542700774, 38.73607960272739], [-9.14195707029164, 38.73679164947153], [-9.14208864634262, 38.7374094614355], [-9.14226588734751, 38.73824167837505], [-9.14236299704952, 38.73868501349017], [-9.14243590125271, 38.73903063406068], [-9.14242447628866, 38.73903409624225], [-9.14190461166535, 38.73918647658765], [-9.14225539091783, 38.73991199372361], [-9.14337069061523, 38.74159848330059], [-9.14389001963599, 38.74238372581208], [-9.14450397009091, 38.74349789454797], [-9.14507451161657, 38.74450788068596], [-9.14510572783204, 38.74456291135522], [-9.14519760772255, 38.74466355852231], [-9.14551285814908, 38.74500866886137], [-9.14550216440617, 38.74500906955186], [-9.14536997080576, 38.74501188990592], [-9.14452491529199, 38.74506957072294], [-9.14330053132526, 38.74506462753537], [-9.1425175524835, 38.7450614597475], [-9.14193383251613, 38.74510343942366], [-9.14144992880258, 38.74512743844942], [-9.14049596968873, 38.74517891518047], [-9.14022899820667, 38.74517040995934], [-9.1397832486619, 38.74520848588512], [-9.13966269267543, 38.74522393844786], [-9.13942257890887, 38.74524402519603], [-9.13792059511937, 38.74534074024833], [-9.13724950154151, 38.74538615087243], [-9.13664041013877, 38.74542381816623], [-9.13599462952562, 38.74546990504743], [-9.13485683539476, 38.74553642740891], [-9.13468192682529, 38.7455583011341], [-9.13222651449159, 38.74586533321843], [-9.13123437961403, 38.74593741755742], [-9.13047077702205, 38.74593232727307], [-9.1304476535838, 38.7465060784781], [-9.13057567922771, 38.74651792758945], [-9.13056635374697, 38.74662346111971], [-9.13055576406485, 38.74675775847858], [-9.13048674666364, 38.74742442081319], [-9.13044581474136, 38.74783003028934], [-9.13043677089107, 38.74789919762009], [-9.13041163137995, 38.74812487755013], [-9.13026134646507, 38.74821219005388], [-9.1302438816349, 38.74863421507809], [-9.13016568947364, 38.74863468483654], [-9.13010044472641, 38.74863514048896], [-9.13004620469147, 38.74863865138494], [-9.12995294586096, 38.74862413434752], [-9.12988107722377, 38.74860105843101], [-9.12981792594868, 38.74857619574342], [-9.12972431180388, 38.74853628033524], [-9.12961307249757, 38.74847786888134], [-9.12952131725981, 38.74842271420472], [-9.12944462062792, 38.74835896282037], [-9.12937428256202, 38.74828840220498], [-9.12929528638232, 38.74820773647402], [-9.12922430455539, 38.74809132682054], [-9.12906041976241, 38.74789295099561], [-9.12894900850827, 38.74775805024595], [-9.12882300827682, 38.74758112775946], [-9.12851469352055, 38.74720579541267], [-9.12838667271242, 38.74703231712267], [-9.12816133476326, 38.74676733766122], [-9.1281532676616, 38.74675794809724], [-9.12808923860011, 38.74667805488497], [-9.12792630383318, 38.74647514736603], [-9.12777570017189, 38.74624078736435], [-9.1276718401442, 38.74608404100103], [-9.12739703231387, 38.74579308431558], [-9.12735952328575, 38.74574260001085], [-9.12731117962495, 38.74569049725955], [-9.1272280091712, 38.74563184382783], [-9.12712930066674, 38.74553945476241], [-9.12701317961026, 38.74544378978991], [-9.12691924271497, 38.74538018418639], [-9.12673135153362, 38.74526819616289], [-9.1266135145308, 38.74519803758721], [-9.12642364773263, 38.74509282174098], [-9.12616727437006, 38.7448780964955], [-9.1259429386998, 38.74474934242233], [-9.12591405745212, 38.74473279349613], [-9.1257505070837, 38.74465104275993], [-9.12551876559291, 38.74449537764094], [-9.12540535205824, 38.74443707063445], [-9.12523713308427, 38.74433337964326], [-9.12481155941342, 38.74409288637769], [-9.1246437903664, 38.7440214388156], [-9.12438439000676, 38.74389483116112], [-9.12408581827456, 38.74376342144845], [-9.12388376206718, 38.74371595412101], [-9.12372750666627, 38.74368683463079], [-9.12364283381255, 38.74366890683704], [-9.12352303069952, 38.74362245331857], [-9.12343593886716, 38.74358760660005], [-9.12325099068842, 38.74349767522462], [-9.12289087571503, 38.74332263263574], [-9.1226641015138, 38.7431992570105], [-9.12230533323782, 38.74294963055789], [-9.12208664752933, 38.74279727102488], [-9.12155593551437, 38.74247286789749], [-9.12113283521941, 38.74209166261361], [-9.12101642491137, 38.74197401573416], [-9.12096049633485, 38.74191241255157], [-9.1209180781189, 38.74186560587763], [-9.120792064662, 38.7417267588536], [-9.12047170925313, 38.74145753785508], [-9.12036268149984, 38.74136593632265], [-9.12010408200994, 38.74117076335111]]]], "type": "MultiPolygon"}}, {"type": "Feature", "properties": {"name": "Lumiar", "wof:id": 1511679715, "source": "pt-dgt via whosonfirst"}, "geometry": {"coordinates": [[[[-9.14180663454841, 38.77773186563704], [-9.14262304307302, 38.77676617305838], [-9.14312772173019, 38.77616803193413], [-9.14365420310043, 38.77553477235026], [-9.14434550849042, 38.77472544287033], [-9.14490649751915, 38.77407287793768], [-9.14523334403881, 38.7736882035215], [-9.14571892743775, 38.77312591708803], [-9.14600162442943, 38.77275856942012], [-9.14628325240502, 38.77231610439429], [-9.14641607102697, 38.77201445086801], [-9.14664332156558, 38.77160465300872], [-9.14673547161223, 38.7713355483773], [-9.14690697401604, 38.77086184214687], [-9.14732963018364, 38.76973128911418], [-9.14756661556066, 38.76904236930582], [-9.14760073491839, 38.76854839241739], [-9.14755352321778, 38.76811951467745], [-9.14739726957682, 38.76773451450834], [-9.14707706760094, 38.76696580076386], [-9.14678703675361, 38.76626950830973], [-9.14652967445423, 38.76552048919224], [-9.14645642816079, 38.7651884281371], [-9.14645065065874, 38.76478065420089], [-9.14654112104196, 38.76439351037296], [-9.14672631600344, 38.76391968519991], [-9.14716629316795, 38.76304655437092], [-9.14686408417428, 38.76209822506369], [-9.14835174052248, 38.76176793837], [-9.14852533783487, 38.76171884916835], [-9.14965017981087, 38.7614007126811], [-9.15055934711168, 38.76108365950581], [-9.15121136554499, 38.76085625595235], [-9.15140584191698, 38.7607884506299], [-9.15170879405142, 38.76070194431979], [-9.15274397713011, 38.76041234772141], [-9.15420273339523, 38.76000424653535], [-9.15514972331808, 38.75973930320361], [-9.15967695457519, 38.75846246686633], [-9.16001852074022, 38.7583665623644], [-9.1614400765884, 38.75796740849128], [-9.16251068992076, 38.7577293330887], [-9.16349071011091, 38.75751139358678], [-9.16424502508153, 38.7573436399836], [-9.16484605321867, 38.75732328470026], [-9.16546706716822, 38.75725293661311], [-9.16598549410383, 38.75725645512659], [-9.16694953295442, 38.75724791802111], [-9.16758230097466, 38.75726663112206], [-9.16969761794267, 38.75731784914678], [-9.17061751098338, 38.75739045620274], [-9.17218638456911, 38.75751426781066], [-9.17482441631066, 38.75764033933688], [-9.17519767890792, 38.75763700641266], [-9.17491851180112, 38.75764863452866], [-9.17466748726823, 38.75771857630846], [-9.17447690984788, 38.75774549908054], [-9.17428197981561, 38.75778957514177], [-9.17413410790569, 38.75784196839968], [-9.17436298948804, 38.75802809796194], [-9.17467828926813, 38.75823921745792], [-9.17487122146307, 38.75835810876393], [-9.17505393460429, 38.75846249911383], [-9.1751366398053, 38.75853283150422], [-9.1753403573913, 38.75869693419545], [-9.17547795378811, 38.75882361514635], [-9.17559091072052, 38.75891718775213], [-9.17576283346955, 38.75903095035121], [-9.17621112183126, 38.75920187446565], [-9.17638986504273, 38.75927044708443], [-9.17656543244768, 38.75931841902185], [-9.17682339443634, 38.75941519780385], [-9.17705045498222, 38.75952297041412], [-9.17820683333186, 38.76000759422974], [-9.17860071180487, 38.76007585815727], [-9.17859735560992, 38.76023982916707], [-9.17859281542346, 38.76032274060242], [-9.17857904639386, 38.76040393393429], [-9.17854394689196, 38.76052134835046], [-9.17845719737079, 38.76072570047934], [-9.17840234486244, 38.76082978073368], [-9.17833063261387, 38.76096103603036], [-9.17821771952044, 38.76110707129274], [-9.17810679021645, 38.76123147090035], [-9.1780682711554, 38.76127235038555], [-9.17794374861005, 38.76141128384668], [-9.17783502710758, 38.76152935800072], [-9.17776370062997, 38.76160836428727], [-9.17772068486805, 38.76165649008652], [-9.17757354804188, 38.76182264866137], [-9.17750901801882, 38.76189438781671], [-9.17745589940932, 38.76195971860884], [-9.17737918794303, 38.76206399460194], [-9.17719103884608, 38.76233681110627], [-9.17699692542321, 38.76259526810665], [-9.17693614702146, 38.76268769045689], [-9.17692720776584, 38.7627057858841], [-9.17692285566556, 38.76272293956168], [-9.17691751067106, 38.76282742725682], [-9.17692221744367, 38.76291571113325], [-9.17696268934623, 38.76308739669619], [-9.17700489725918, 38.76337796869048], [-9.17711410281697, 38.76368685763838], [-9.17712181239197, 38.76397863940923], [-9.17712915629906, 38.76416779957113], [-9.17713862124854, 38.76426313274503], [-9.17713733957548, 38.76504231354449], [-9.17714370841921, 38.76547859035974], [-9.17714667617802, 38.76568268844908], [-9.17694314507225, 38.76584754028808], [-9.17695547031062, 38.76614018152013], [-9.17697016901245, 38.76651657306022], [-9.17695333904282, 38.76678245131046], [-9.17693501159746, 38.76694565505311], [-9.17690750851474, 38.7670754804175], [-9.17688680418703, 38.76734783110429], [-9.17687158539727, 38.7674875868145], [-9.17676770092455, 38.76841090732302], [-9.17675258670957, 38.76855786828919], [-9.17673314735828, 38.76872378422165], [-9.17671010555485, 38.76880055615371], [-9.17667533490004, 38.768862119583], [-9.17663895447019, 38.76889217103211], [-9.17671555868149, 38.76933196310333], [-9.1767354186844, 38.76951013895982], [-9.17674928234376, 38.76959288585714], [-9.17675514639387, 38.76967930730492], [-9.17674766445554, 38.76995501047199], [-9.17675257492747, 38.77005495210399], [-9.17676186307849, 38.77013954231015], [-9.17678556300012, 38.77026543780356], [-9.17682034668607, 38.77036241029893], [-9.17687315639226, 38.77043309921702], [-9.17691741287246, 38.77046963493633], [-9.177675636864, 38.76999444736736], [-9.17812829221774, 38.76971115476633], [-9.17844987841773, 38.76951370694596], [-9.17866910790569, 38.76939824589305], [-9.17934505239598, 38.76904178647515], [-9.17955153791754, 38.76931376888616], [-9.1796536308201, 38.76944977114532], [-9.1799517400722, 38.76984974173394], [-9.17997101875377, 38.76990901948913], [-9.17999612767341, 38.76997364968045], [-9.18006775591642, 38.77007209268218], [-9.1802278856882, 38.77032106978022], [-9.18036517929865, 38.77058196230286], [-9.18050364960724, 38.77084464565739], [-9.18061605928543, 38.77105621899432], [-9.18071273477945, 38.77121478737014], [-9.18083510371558, 38.77139924786452], [-9.18110352682113, 38.77181389390203], [-9.18121883660712, 38.77198760793887], [-9.18142011388303, 38.77229566555364], [-9.18151540388447, 38.77243803164757], [-9.18169154586694, 38.77267965761806], [-9.18177924688019, 38.77277525204749], [-9.18192057222947, 38.77291810455526], [-9.18204066109329, 38.77302511820749], [-9.18221187469711, 38.773165900519], [-9.18234213323923, 38.77326021077069], [-9.1827291161245, 38.77351975539086], [-9.18252959945382, 38.77364585631999], [-9.18227194702586, 38.77380941163388], [-9.18176809011629, 38.77413281472277], [-9.18146728169086, 38.77433548894933], [-9.18124613745092, 38.77447799660487], [-9.1811458012801, 38.77454105103094], [-9.18109780899825, 38.77456400086464], [-9.18105306948651, 38.77457341075073], [-9.18098978941379, 38.77457397910165], [-9.18089284038904, 38.77455413232772], [-9.1806641505795, 38.77449583409971], [-9.18061799700937, 38.77448724094862], [-9.18056959504176, 38.77448227014114], [-9.18052816223529, 38.77448174163631], [-9.1804902337586, 38.77448478481786], [-9.18045350965214, 38.77449141940163], [-9.18040652169126, 38.77450445230134], [-9.18036764136101, 38.77452101473307], [-9.1803105366705, 38.77455035224897], [-9.1802409734614, 38.77459331303363], [-9.1801988521118, 38.77462431688829], [-9.18016371304507, 38.77466066373193], [-9.18014901928911, 38.77467881093297], [-9.18013328147655, 38.77470417370523], [-9.18012317673446, 38.77472137900943], [-9.18011545324909, 38.77474396764175], [-9.18008691073507, 38.77483790420748], [-9.18005093429977, 38.7749742429982], [-9.17996471889349, 38.77537315802395], [-9.17995449275625, 38.7754606241234], [-9.17974867619286, 38.77547147816448], [-9.17957958426237, 38.77547569753914], [-9.17945254630762, 38.77553079345412], [-9.17913620104702, 38.77584421535139], [-9.17871068477719, 38.776191584408], [-9.1777258794969, 38.77699335418898], [-9.17711682793388, 38.77750756139098], [-9.17669988434075, 38.77786808705822], [-9.17607575415223, 38.77850131614989], [-9.17596849214395, 38.77867406152188], [-9.17575375551453, 38.77901295927213], [-9.17548124299764, 38.77943830612283], [-9.1752936830108, 38.77988928655726], [-9.17522107150049, 38.78024463932953], [-9.17521669080354, 38.78026095092965], [-9.17513079878388, 38.78023387387009], [-9.17400385241186, 38.78055919409677], [-9.17390731571278, 38.7805679826069], [-9.17390091933255, 38.78062686120641], [-9.17373307912238, 38.78119223957255], [-9.17350194932712, 38.78127564047909], [-9.17354164422612, 38.78163136229563], [-9.17358310743045, 38.78199715522747], [-9.17325363519893, 38.78206900053895], [-9.17322703798672, 38.78192574356169], [-9.17307810927811, 38.7820118339783], [-9.17293345344497, 38.78208320352339], [-9.17281455879182, 38.78215317087021], [-9.17270033096904, 38.78225138456819], [-9.17262658961539, 38.78234022212218], [-9.17239809944328, 38.78260555605581], [-9.17228536401328, 38.78269591391233], [-9.17219638228328, 38.78273399915182], [-9.17205111627049, 38.78276348421765], [-9.17177023544151, 38.78280552710289], [-9.17158713020692, 38.78282076255106], [-9.17139126746949, 38.78285294748552], [-9.17119396438839, 38.78288073468531], [-9.17111806133159, 38.78301932147251], [-9.17112833156451, 38.7831322768085], [-9.17109910452957, 38.78321162101881], [-9.17102016321859, 38.78333896961376], [-9.17096334669158, 38.78340496522283], [-9.17086075672082, 38.78349622335244], [-9.17076771389507, 38.78354794259771], [-9.17067458989746, 38.78359399120043], [-9.17047216231384, 38.78366587156759], [-9.17036253673631, 38.78367702350367], [-9.17023250344928, 38.78367016168177], [-9.17012165278563, 38.78389832044692], [-9.17003208291469, 38.78408674797158], [-9.16994646527314, 38.78425360819301], [-9.1698564079289, 38.78442393339294], [-9.16973565855498, 38.78466010913522], [-9.1696306051141, 38.784875783466], [-9.16957754473078, 38.78500281591975], [-9.16965494647745, 38.78526884563463], [-9.1696049549765, 38.78530540931724], [-9.16951853669872, 38.78541769285925], [-9.16939186231942, 38.78553105307414], [-9.1692969749134, 38.78555808101277], [-9.16926857217603, 38.78556617143143], [-9.1692621956094, 38.78554211058799], [-9.16895623878813, 38.78537381622051], [-9.16838119392571, 38.78504469912686], [-9.16682567361473, 38.78378835808952], [-9.16624463133479, 38.78331905219064], [-9.16605302683107, 38.78319965013721], [-9.16583719118774, 38.78307635437558], [-9.1655070226178, 38.78292524443869], [-9.16531631521255, 38.78286838138789], [-9.16527483858529, 38.78286514555337], [-9.165017151021, 38.78287192892672], [-9.16480662969527, 38.78287739363046], [-9.16471581634653, 38.7828845026319], [-9.16462170778495, 38.78290244907533], [-9.16456550696692, 38.78291555695262], [-9.164487702584, 38.78294687102649], [-9.16440077047516, 38.78298367026902], [-9.16432199688749, 38.78302760366568], [-9.16425479611454, 38.78307593877282], [-9.16394369947895, 38.78328946811806], [-9.16355165459541, 38.78355595646364], [-9.16340133556802, 38.78366627775668], [-9.16324421440173, 38.78378386503879], [-9.16308495976019, 38.78391318011548], [-9.16302339421995, 38.78395335785095], [-9.16294879280474, 38.78396752790949], [-9.16281293310809, 38.78396332233152], [-9.16273215064002, 38.78394782197846], [-9.16261993651878, 38.78390737674194], [-9.16255596022548, 38.78386020009843], [-9.16252670050655, 38.78382622924112], [-9.16251382260701, 38.78381102947949], [-9.1624793620803, 38.78373566868073], [-9.16246773431426, 38.78364749585781], [-9.16246928342314, 38.78359523714007], [-9.16249941866392, 38.78353011572072], [-9.16253338153199, 38.78349108310951], [-9.16257424854176, 38.78345198966318], [-9.16263930601054, 38.7834144837276], [-9.16271705991853, 38.78337956821707], [-9.16301011720457, 38.78327159113903], [-9.16311653327163, 38.78322921652342], [-9.16333051685188, 38.78314445594989], [-9.16343439897877, 38.7830858893979], [-9.16350368132614, 38.78302222319385], [-9.16353839106445, 38.78295525961425], [-9.16355030853676, 38.78290381022645], [-9.16354457679402, 38.78282549405996], [-9.16353420228509, 38.78274451650131], [-9.16352768285973, 38.78269142813765], [-9.16352121531171, 38.78264194332517], [-9.16347482854523, 38.78245769483288], [-9.1634395110339, 38.78232289056189], [-9.16340245082873, 38.78222683596437], [-9.16332401429133, 38.78205458007897], [-9.16317448814088, 38.78174063069708], [-9.16314363662067, 38.7816760475816], [-9.16311377917897, 38.78160064636648], [-9.16308244720102, 38.781502738705], [-9.16301212331991, 38.78117457748284], [-9.16300557855052, 38.7811196886429], [-9.16300299219585, 38.78109989433413], [-9.16297536343016, 38.78085963205678], [-9.16299373031918, 38.78077659955594], [-9.16297008127597, 38.78073266988469], [-9.16295508040676, 38.78064993145967], [-9.1629530087858, 38.7805859954142], [-9.16295325025993, 38.7805229388594], [-9.16295494150626, 38.78048058741039], [-9.16296606760727, 38.78037419850585], [-9.16297436474453, 38.780311070953], [-9.16299348052597, 38.78020010774044], [-9.1630030048493, 38.78014237403382], [-9.1630127894266, 38.78010265358397], [-9.1630282235539, 38.78005567711941], [-9.16303811290637, 38.78002316196432], [-9.16305485311773, 38.77998698331555], [-9.16307161922563, 38.77995260599121], [-9.16308393939105, 38.77992907718276], [-9.16314116732878, 38.77982768566276], [-9.16317706658748, 38.77976341400866], [-9.16318268904273, 38.77975435667088], [-9.16320517049415, 38.77971722661316], [-9.16325336148308, 38.77962762480718], [-9.16326781433821, 38.77959236706839], [-9.16327109662428, 38.7795806280234], [-9.16327533630956, 38.77955536887332], [-9.16327965259531, 38.77953551371367], [-9.16329027655748, 38.779474167174], [-9.1633045727034, 38.77942810147949], [-9.1633197991652, 38.77936671526147], [-9.16334041471606, 38.7792800588534], [-9.16336866874439, 38.7791645102098], [-9.16340577777211, 38.7790245633874], [-9.16344071615997, 38.77889364256605], [-9.16346683715119, 38.77878982371161], [-9.16348078310536, 38.77871944007963], [-9.16348910440062, 38.77865811381857], [-9.16348826078543, 38.77859957160226], [-9.16321545001262, 38.77859387339026], [-9.16320557388157, 38.77862728922793], [-9.16318697451379, 38.77869411073773], [-9.16316516942378, 38.7787780743786], [-9.16314884416179, 38.77884307427982], [-9.16312700012806, 38.7789243368227], [-9.16309745149748, 38.77902998826961], [-9.16307997663293, 38.77909499739108], [-9.16306478889865, 38.77915908647394], [-9.16305278094763, 38.77920423119628], [-9.1630317493327, 38.77926206633658], [-9.16300266442642, 38.77931997244963], [-9.16295663688098, 38.7793729384775], [-9.16287494658899, 38.7793531674927], [-9.16269950468543, 38.77930393025864], [-9.16217437917639, 38.77913073330191], [-9.16173564427326, 38.77906717918196], [-9.16146884912023, 38.77902838431653], [-9.16106745834401, 38.77896758330092], [-9.16074075191357, 38.77892241021767], [-9.16052879216861, 38.77885427814697], [-9.15994785994686, 38.77863440694802], [-9.15998530818475, 38.77851605794374], [-9.15999377569931, 38.77846463918839], [-9.16000521711245, 38.77837986551143], [-9.16001536465768, 38.77828519554477], [-9.16002430989642, 38.77818693302928], [-9.16003682319185, 38.77809674525781], [-9.16004600088725, 38.77801469379976], [-9.16005713101578, 38.77790830507409], [-9.16006537766368, 38.77784157502212], [-9.1600679628551, 38.77778120107038], [-9.16006675920312, 38.77769743928284], [-9.16006370763045, 38.77764522186949], [-9.16005452843922, 38.77756693573914], [-9.16003816033054, 38.77746889566287], [-9.16002591689357, 38.77741765890035], [-9.16000430700624, 38.77737424663331], [-9.15997995735599, 38.7773423983065], [-9.15973175546506, 38.77711211705055], [-9.15972053590224, 38.77710065052462], [-9.15969866834376, 38.77706653559176], [-9.15968995448225, 38.77702067245146], [-9.15967636710994, 38.77695593668001], [-9.15964910090776, 38.77682016048536], [-9.15962549430579, 38.77669876368597], [-9.15961053582527, 38.77661872671563], [-9.15960385211586, 38.77655392938691], [-9.15960435598319, 38.7765088860443], [-9.1596072772362, 38.77647192937263], [-9.15845642115003, 38.77723316500788], [-9.15806839604024, 38.77748982013716], [-9.15798254927232, 38.77743595978195], [-9.15756563105569, 38.77718424396637], [-9.15751002960931, 38.77715062882581], [-9.15743477698028, 38.77711886136152], [-9.15734353203467, 38.77709534192483], [-9.15725907264264, 38.77708764277], [-9.15615699114425, 38.77708593566493], [-9.15611858648133, 38.77729705313288], [-9.15620503473124, 38.77730710474609], [-9.15617088391584, 38.77749386396386], [-9.15611211425162, 38.77748807391622], [-9.15608338043851, 38.77765136544447], [-9.15611103357509, 38.77765382569976], [-9.15608330876516, 38.77780719982881], [-9.15602683891461, 38.7778013896071], [-9.15601079155975, 38.77788620234215], [-9.15609837940166, 38.77789534327623], [-9.15606424092842, 38.77808300311756], [-9.15600545676955, 38.77807631236771], [-9.15597557304192, 38.77823961392148], [-9.15600323926988, 38.77824297486468], [-9.15597551402836, 38.77839634895914], [-9.15591904371966, 38.77839053869211], [-9.15586192744187, 38.77866127117654], [-9.15561905833339, 38.77889850148704], [-9.1555441390707, 38.77889015103671], [-9.15551643032416, 38.77896425638474], [-9.15549959649364, 38.77899413024922], [-9.15546105503283, 38.77903500246668], [-9.15540740103856, 38.77906519754348], [-9.15533514291411, 38.7790820445687], [-9.1552545357843, 38.77907824758052], [-9.15503510649146, 38.7790234213049], [-9.15500775709957, 38.77912274518121], [-9.15480802541922, 38.77915782314656], [-9.1547982235398, 38.77919664231002], [-9.15467548342265, 38.77920231114999], [-9.15457294528717, 38.7792076681563], [-9.15447033316808, 38.77920856596624], [-9.15424980498623, 38.7791831041841], [-9.15399581834818, 38.7791145537102], [-9.15355542493234, 38.77901576288956], [-9.15324064183636, 38.77892926759076], [-9.15308628902873, 38.77889937866461], [-9.15302831772831, 38.77887061025414], [-9.15295432418377, 38.77882462364744], [-9.15273443615739, 38.77861239591753], [-9.15246841633469, 38.77834696575605], [-9.1519560264527, 38.77790736126089], [-9.15134202110134, 38.77771420930291], [-9.15105035812892, 38.77764981797195], [-9.15073893403889, 38.77759499311879], [-9.15049567023621, 38.77752971050808], [-9.14935139683382, 38.77724068967871], [-9.14786949962302, 38.77687003016285], [-9.14758574794875, 38.77759384572526], [-9.14754649989666, 38.7776777895342], [-9.14652668808944, 38.77717991021966], [-9.14607709125061, 38.77696040703391], [-9.1452840011583, 38.77661869109526], [-9.14446306391887, 38.77626009681702], [-9.1438830604181, 38.77762525200728], [-9.14365015775079, 38.77817342217119], [-9.14180663454841, 38.77773186563704]]]], "type": "MultiPolygon"}}, {"type": "Feature", "properties": {"name": "Olivais", "wof:id": 1511679719, "source": "pt-dgt via whosonfirst"}, "geometry": {"coordinates": [[[[-9.13138886951059, 38.78434829547906], [-9.12978092941438, 38.78399524563004], [-9.12962522684375, 38.78402904844853], [-9.12943378377306, 38.78402469073541], [-9.12911569354405, 38.78400839961596], [-9.12877158200504, 38.78396665894962], [-9.12829407921125, 38.78385804275675], [-9.12738471550165, 38.78354556949416], [-9.12655596508446, 38.78329482868723], [-9.12623508496155, 38.78317703378915], [-9.12601961493662, 38.78305834597677], [-9.12586063922964, 38.78299718260532], [-9.12485584255712, 38.78282669832655], [-9.12424900359544, 38.78279385126491], [-9.12394978634101, 38.78281004642935], [-9.12298025939884, 38.78306570839748], [-9.12203886357841, 38.78336144046192], [-9.12160712079356, 38.78264105583286], [-9.12071702434119, 38.78267791860213], [-9.12045657530854, 38.78251390855242], [-9.12034161473051, 38.78258663145955], [-9.11957628978191, 38.78204449818843], [-9.11833192611111, 38.78167874948646], [-9.11794267762337, 38.78156709562607], [-9.11735917095371, 38.78142942557889], [-9.11682234024045, 38.78126388588829], [-9.11631454323577, 38.78107503585499], [-9.1157542593896, 38.7809187900361], [-9.11515832630592, 38.78073067694991], [-9.1148926901177, 38.78063634988668], [-9.11429083616421, 38.78056151559788], [-9.11407640457766, 38.78047486013775], [-9.11359618232867, 38.780273519708], [-9.11310200271199, 38.78007833046721], [-9.11282928001728, 38.77990289867389], [-9.11258830302545, 38.77974268727003], [-9.11223446877535, 38.77956018899292], [-9.11184072699589, 38.77934559667428], [-9.1115793790736, 38.77913448580267], [-9.11137009329811, 38.77898634807764], [-9.11120100660313, 38.7788904836198], [-9.11098900723787, 38.77868670325416], [-9.1109817217317, 38.7786754134796], [-9.1107793710451, 38.77836084599755], [-9.11054724285069, 38.77798878894885], [-9.11030736856332, 38.77761382630413], [-9.11018983597113, 38.77742564684119], [-9.11005293348271, 38.77722582715051], [-9.1086288040262, 38.77633381267451], [-9.10845350760924, 38.77622088204237], [-9.10785869084034, 38.77572213792032], [-9.10749191841214, 38.77545748976559], [-9.1069581873043, 38.77510037494199], [-9.10664766857002, 38.77487605709194], [-9.10647720297975, 38.77482190424119], [-9.10623625003984, 38.77480535575135], [-9.10506712128667, 38.77488728764964], [-9.10501199906122, 38.77464065983428], [-9.10497367582791, 38.77450252657357], [-9.10482874401829, 38.77305097217337], [-9.10459596798593, 38.77051875187087], [-9.10458228716015, 38.77038601098349], [-9.10423307595878, 38.76700449218388], [-9.10422843313319, 38.7669594952132], [-9.10383853286159, 38.76318301134932], [-9.10380169454841, 38.76288948258207], [-9.1037953068156, 38.76283835941073], [-9.10379059006105, 38.76266796219665], [-9.10348893466995, 38.7597853786304], [-9.10348323605889, 38.75972750371874], [-9.10343042643149, 38.7591875607976], [-9.10314448845877, 38.75626609949448], [-9.10311517605051, 38.75584108588095], [-9.10309670426464, 38.75574396162828], [-9.10502048659204, 38.75634291243031], [-9.10726624335857, 38.75701452040541], [-9.11016097480418, 38.75788535749045], [-9.11078281255792, 38.75807244330947], [-9.11270653227574, 38.75865110052091], [-9.11290916274702, 38.7587116650642], [-9.11481678604116, 38.75928200622998], [-9.11638058722945, 38.75974950132518], [-9.11855864682092, 38.76040058746047], [-9.11883571572868, 38.7604871357381], [-9.11940732051754, 38.7606656317302], [-9.11951069954969, 38.76069708206644], [-9.12040164545007, 38.76096804434641], [-9.12109141962158, 38.76117780969921], [-9.12149129963828, 38.76129943839198], [-9.12220370442723, 38.76150777437917], [-9.12281430588045, 38.76168628927721], [-9.12367929885471, 38.76193924315991], [-9.12401174520115, 38.76203642446694], [-9.12423728042972, 38.76211303416645], [-9.12459849771167, 38.76223564570628], [-9.12496025498977, 38.7623298597731], [-9.12532145229326, 38.76242552412467], [-9.12567123051009, 38.76251819194738], [-9.12641916370166, 38.76270624079864], [-9.12686796141938, 38.76279004282897], [-9.12709438548402, 38.76282343789902], [-9.12730374639459, 38.76285433929086], [-9.12786444372934, 38.7629421812646], [-9.12795139823384, 38.76295583111124], [-9.1285740814071, 38.76301354681153], [-9.1287272762945, 38.76302722006032], [-9.12897068961547, 38.76302537678268], [-9.12953747087566, 38.76302066385239], [-9.13032878457973, 38.7630254625567], [-9.1316373346897, 38.76303338641013], [-9.13421529440834, 38.76304895433222], [-9.13672783823626, 38.76306407591473], [-9.13743304384997, 38.76306661855624], [-9.13918211300997, 38.76307292615084], [-9.1409258981316, 38.76301283760684], [-9.1423047437937, 38.762895979264], [-9.14349118139171, 38.76273564270456], [-9.14428932405768, 38.76260000735137], [-9.14458433465828, 38.76255002027371], [-9.14562999945514, 38.76237219448007], [-9.14686408417428, 38.76209822506369], [-9.14716629316795, 38.76304655437092], [-9.14672631600344, 38.76391968519991], [-9.14654112104196, 38.76439351037296], [-9.14645065065874, 38.76478065420089], [-9.14645642816079, 38.7651884281371], [-9.14652967445423, 38.76552048919224], [-9.14678703675361, 38.76626950830973], [-9.14707706760094, 38.76696580076386], [-9.14739726957682, 38.76773451450834], [-9.14755352321778, 38.76811951467745], [-9.14760073491839, 38.76854839241739], [-9.14756661556066, 38.76904236930582], [-9.14732963018364, 38.76973128911418], [-9.14690697401604, 38.77086184214687], [-9.14673547161223, 38.7713355483773], [-9.14664332156558, 38.77160465300872], [-9.14641607102697, 38.77201445086801], [-9.14628325240502, 38.77231610439429], [-9.14600162442943, 38.77275856942012], [-9.14571892743775, 38.77312591708803], [-9.14523334403881, 38.7736882035215], [-9.14490649751915, 38.77407287793768], [-9.14434550849042, 38.77472544287033], [-9.14365420310043, 38.77553477235026], [-9.14312772173019, 38.77616803193413], [-9.14262304307302, 38.77676617305838], [-9.14180663454841, 38.77773186563704], [-9.1412844649229, 38.77834949794202], [-9.14053830769958, 38.77922913926984], [-9.13996764565087, 38.77989769307145], [-9.13958499785976, 38.78045110868046], [-9.13906102221374, 38.78126769793921], [-9.13864956531108, 38.78215317200593], [-9.13852774679195, 38.78300995276822], [-9.13852445335697, 38.78356882595009], [-9.13864656341572, 38.78431872093721], [-9.13884156656779, 38.7848734958733], [-9.1391310988478, 38.78535980906743], [-9.139449149724, 38.78612579088712], [-9.13957833599125, 38.78641033478547], [-9.13976890781712, 38.78679981459347], [-9.13895033734823, 38.78653484944774], [-9.13803392645117, 38.7862267530216], [-9.13779633891723, 38.78614169530914], [-9.13766271682175, 38.78608375307272], [-9.13746054532862, 38.78597983596629], [-9.13717263065257, 38.78585133802851], [-9.13706365971553, 38.78581165013247], [-9.1366889269655, 38.78557319752574], [-9.13654852604563, 38.78549162355011], [-9.13641594257397, 38.7854259242574], [-9.1362053610384, 38.78534576583108], [-9.13594161921585, 38.78524156479089], [-9.13564649144369, 38.78513168279093], [-9.13540624671851, 38.78508645107392], [-9.13496996906323, 38.78499723930832], [-9.13466080335389, 38.78496107057141], [-9.134295338716, 38.78491511542315], [-9.13392957649666, 38.78484817173387], [-9.13377776984409, 38.78487226514468], [-9.13138886951059, 38.78434829547906]]]], "type": "MultiPolygon"}}, {"type": "Feature", "properties": {"name": "Santa Clara", "wof:id": 1511679727, "source": "pt-dgt via whosonfirst"}, "geometry": {"coordinates": [[[[-9.13976890781712, 38.78679981459347], [-9.13957833599125, 38.78641033478547], [-9.139449149724, 38.78612579088712], [-9.1391310988478, 38.78535980906743], [-9.13884156656779, 38.7848734958733], [-9.13864656341572, 38.78431872093721], [-9.13852445335697, 38.78356882595009], [-9.13852774679195, 38.78300995276822], [-9.13864956531108, 38.78215317200593], [-9.13906102221374, 38.78126769793921], [-9.13958499785976, 38.78045110868046], [-9.13996764565087, 38.77989769307145], [-9.14053830769958, 38.77922913926984], [-9.1412844649229, 38.77834949794202], [-9.14180663454841, 38.77773186563704], [-9.14365015775079, 38.77817342217119], [-9.1438830604181, 38.77762525200728], [-9.14446306391887, 38.77626009681702], [-9.1452840011583, 38.77661869109526], [-9.14607709125061, 38.77696040703391], [-9.14652668808944, 38.77717991021966], [-9.14754649989666, 38.7776777895342], [-9.14758574794875, 38.77759384572526], [-9.14786949962302, 38.77687003016285], [-9.14935139683382, 38.77724068967871], [-9.15049567023621, 38.77752971050808], [-9.15073893403889, 38.77759499311879], [-9.15105035812892, 38.77764981797195], [-9.15134202110134, 38.77771420930291], [-9.1519560264527, 38.77790736126089], [-9.15246841633469, 38.77834696575605], [-9.15273443615739, 38.77861239591753], [-9.15295432418377, 38.77882462364744], [-9.15302831772831, 38.77887061025414], [-9.15308628902873, 38.77889937866461], [-9.15324064183636, 38.77892926759076], [-9.15355542493234, 38.77901576288956], [-9.15399581834818, 38.7791145537102], [-9.15424980498623, 38.7791831041841], [-9.15447033316808, 38.77920856596624], [-9.15457294528717, 38.7792076681563], [-9.15467548342265, 38.77920231114999], [-9.1547982235398, 38.77919664231002], [-9.15480802541922, 38.77915782314656], [-9.15500775709957, 38.77912274518121], [-9.15503510649146, 38.7790234213049], [-9.1552545357843, 38.77907824758052], [-9.15533514291411, 38.7790820445687], [-9.15540740103856, 38.77906519754348], [-9.15546105503283, 38.77903500246668], [-9.15549959649364, 38.77899413024922], [-9.15551643032416, 38.77896425638474], [-9.1555441390707, 38.77889015103671], [-9.15561905833339, 38.77889850148704], [-9.15586192744187, 38.77866127117654], [-9.15591904371966, 38.77839053869211], [-9.15597551402836, 38.77839634895914], [-9.15600323926988, 38.77824297486468], [-9.15597557304192, 38.77823961392148], [-9.15600545676955, 38.77807631236771], [-9.15606424092842, 38.77808300311756], [-9.15609837940166, 38.77789534327623], [-9.15601079155975, 38.77788620234215], [-9.15602683891461, 38.7778013896071], [-9.15608330876516, 38.77780719982881], [-9.15611103357509, 38.77765382569976], [-9.15608338043851, 38.77765136544447], [-9.15611211425162, 38.77748807391622], [-9.15617088391584, 38.77749386396386], [-9.15620503473124, 38.77730710474609], [-9.15611858648133, 38.77729705313288], [-9.15615699114425, 38.77708593566493], [-9.15725907264264, 38.77708764277], [-9.15734353203467, 38.77709534192483], [-9.15743477698028, 38.77711886136152], [-9.15751002960931, 38.77715062882581], [-9.15756563105569, 38.77718424396637], [-9.15798254927232, 38.77743595978195], [-9.15806839604024, 38.77748982013716], [-9.15845642115003, 38.77723316500788], [-9.1596072772362, 38.77647192937263], [-9.15960435598319, 38.7765088860443], [-9.15960385211586, 38.77655392938691], [-9.15961053582527, 38.77661872671563], [-9.15962549430579, 38.77669876368597], [-9.15964910090776, 38.77682016048536], [-9.15967636710994, 38.77695593668001], [-9.15968995448225, 38.77702067245146], [-9.15969866834376, 38.77706653559176], [-9.15972053590224, 38.77710065052462], [-9.15973175546506, 38.77711211705055], [-9.15997995735599, 38.7773423983065], [-9.16000430700624, 38.77737424663331], [-9.16002591689357, 38.77741765890035], [-9.16003816033054, 38.77746889566287], [-9.16005452843922, 38.77756693573914], [-9.16006370763045, 38.77764522186949], [-9.16006675920312, 38.77769743928284], [-9.1600679628551, 38.77778120107038], [-9.16006537766368, 38.77784157502212], [-9.16005713101578, 38.77790830507409], [-9.16004600088725, 38.77801469379976], [-9.16003682319185, 38.77809674525781], [-9.16002430989642, 38.77818693302928], [-9.16001536465768, 38.77828519554477], [-9.16000521711245, 38.77837986551143], [-9.15999377569931, 38.77846463918839], [-9.15998530818475, 38.77851605794374], [-9.15994785994686, 38.77863440694802], [-9.16052879216861, 38.77885427814697], [-9.16074075191357, 38.77892241021767], [-9.16106745834401, 38.77896758330092], [-9.16146884912023, 38.77902838431653], [-9.16173564427326, 38.77906717918196], [-9.16217437917639, 38.77913073330191], [-9.16269950468543, 38.77930393025864], [-9.16287494658899, 38.7793531674927], [-9.16295663688098, 38.7793729384775], [-9.16300266442642, 38.77931997244963], [-9.1630317493327, 38.77926206633658], [-9.16305278094763, 38.77920423119628], [-9.16306478889865, 38.77915908647394], [-9.16307997663293, 38.77909499739108], [-9.16309745149748, 38.77902998826961], [-9.16312700012806, 38.7789243368227], [-9.16314884416179, 38.77884307427982], [-9.16316516942378, 38.7787780743786], [-9.16318697451379, 38.77869411073773], [-9.16320557388157, 38.77862728922793], [-9.16321545001262, 38.77859387339026], [-9.16348826078543, 38.77859957160226], [-9.16348910440062, 38.77865811381857], [-9.16348078310536, 38.77871944007963], [-9.16346683715119, 38.77878982371161], [-9.16344071615997, 38.77889364256605], [-9.16340577777211, 38.7790245633874], [-9.16336866874439, 38.7791645102098], [-9.16334041471606, 38.7792800588534], [-9.1633197991652, 38.77936671526147], [-9.1633045727034, 38.77942810147949], [-9.16329027655748, 38.779474167174], [-9.16327965259531, 38.77953551371367], [-9.16327533630956, 38.77955536887332], [-9.16327109662428, 38.7795806280234], [-9.16326781433821, 38.77959236706839], [-9.16325336148308, 38.77962762480718], [-9.16320517049415, 38.77971722661316], [-9.16318268904273, 38.77975435667088], [-9.16317706658748, 38.77976341400866], [-9.16314116732878, 38.77982768566276], [-9.16308393939105, 38.77992907718276], [-9.16307161922563, 38.77995260599121], [-9.16305485311773, 38.77998698331555], [-9.16303811290637, 38.78002316196432], [-9.1630282235539, 38.78005567711941], [-9.1630127894266, 38.78010265358397], [-9.1630030048493, 38.78014237403382], [-9.16299348052597, 38.78020010774044], [-9.16297436474453, 38.780311070953], [-9.16296606760727, 38.78037419850585], [-9.16295494150626, 38.78048058741039], [-9.16295325025993, 38.7805229388594], [-9.1629530087858, 38.7805859954142], [-9.16295508040676, 38.78064993145967], [-9.16297008127597, 38.78073266988469], [-9.16299373031918, 38.78077659955594], [-9.16297536343016, 38.78085963205678], [-9.16300299219585, 38.78109989433413], [-9.16300557855052, 38.7811196886429], [-9.16301212331991, 38.78117457748284], [-9.16308244720102, 38.781502738705], [-9.16311377917897, 38.78160064636648], [-9.16314363662067, 38.7816760475816], [-9.16317448814088, 38.78174063069708], [-9.16332401429133, 38.78205458007897], [-9.16340245082873, 38.78222683596437], [-9.1634395110339, 38.78232289056189], [-9.16347482854523, 38.78245769483288], [-9.16352121531171, 38.78264194332517], [-9.16352768285973, 38.78269142813765], [-9.16353420228509, 38.78274451650131], [-9.16354457679402, 38.78282549405996], [-9.16355030853676, 38.78290381022645], [-9.16353839106445, 38.78295525961425], [-9.16350368132614, 38.78302222319385], [-9.16343439897877, 38.7830858893979], [-9.16333051685188, 38.78314445594989], [-9.16311653327163, 38.78322921652342], [-9.16301011720457, 38.78327159113903], [-9.16271705991853, 38.78337956821707], [-9.16263930601054, 38.7834144837276], [-9.16257424854176, 38.78345198966318], [-9.16253338153199, 38.78349108310951], [-9.16249941866392, 38.78353011572072], [-9.16246928342314, 38.78359523714007], [-9.16246773431426, 38.78364749585781], [-9.1624793620803, 38.78373566868073], [-9.16251382260701, 38.78381102947949], [-9.16252670050655, 38.78382622924112], [-9.16255596022548, 38.78386020009843], [-9.16261993651878, 38.78390737674194], [-9.16273215064002, 38.78394782197846], [-9.16281293310809, 38.78396332233152], [-9.16294879280474, 38.78396752790949], [-9.16302339421995, 38.78395335785095], [-9.16308495976019, 38.78391318011548], [-9.16324421440173, 38.78378386503879], [-9.16340133556802, 38.78366627775668], [-9.16355165459541, 38.78355595646364], [-9.16394369947895, 38.78328946811806], [-9.16425479611454, 38.78307593877282], [-9.16432199688749, 38.78302760366568], [-9.16440077047516, 38.78298367026902], [-9.164487702584, 38.78294687102649], [-9.16456550696692, 38.78291555695262], [-9.16462170778495, 38.78290244907533], [-9.16471581634653, 38.7828845026319], [-9.16480662969527, 38.78287739363046], [-9.165017151021, 38.78287192892672], [-9.16527483858529, 38.78286514555337], [-9.16531631521255, 38.78286838138789], [-9.1655070226178, 38.78292524443869], [-9.16583719118774, 38.78307635437558], [-9.16605302683107, 38.78319965013721], [-9.16624463133479, 38.78331905219064], [-9.16682567361473, 38.78378835808952], [-9.16838119392571, 38.78504469912686], [-9.16895623878813, 38.78537381622051], [-9.1692621956094, 38.78554211058799], [-9.16926857217603, 38.78556617143143], [-9.16925249398396, 38.78557075122696], [-9.16903402553412, 38.78576725774567], [-9.16884772330902, 38.78576891104807], [-9.16866229986377, 38.78594260545459], [-9.16781745487038, 38.78599874147098], [-9.16728769175377, 38.7860377554256], [-9.16726028018039, 38.78613176705348], [-9.16720400268056, 38.78633863118562], [-9.16717251891067, 38.78635782611092], [-9.16713167241457, 38.78636656839991], [-9.16704361666657, 38.78634951041413], [-9.16675314042187, 38.78627849408428], [-9.16663134309612, 38.78625218512651], [-9.16654484791465, 38.78623988977761], [-9.16649470838208, 38.78623438898482], [-9.16642493978915, 38.78623266666182], [-9.16637049515841, 38.78624026604558], [-9.16626331182228, 38.78626138937384], [-9.16607137078773, 38.78629515665502], [-9.16601232884513, 38.78630279561207], [-9.16597290007328, 38.78629837362779], [-9.16593480615588, 38.7862821342549], [-9.16589037950062, 38.7862504601886], [-9.16579255893698, 38.78609116667663], [-9.16578033714829, 38.78608163547899], [-9.16569425865957, 38.78610618027796], [-9.16549396674707, 38.78619100435736], [-9.16547298475965, 38.78621253723747], [-9.16542434688828, 38.78641473817788], [-9.16539136130519, 38.78656924432277], [-9.16535044537718, 38.78660527832925], [-9.16525936487107, 38.78660184564234], [-9.16510943491388, 38.78659587811812], [-9.16446969929946, 38.78704570383499], [-9.16424042634374, 38.78721220725565], [-9.16394635587232, 38.78741072258868], [-9.16385360576144, 38.7874753157643], [-9.16384480152239, 38.78751097499773], [-9.16386145772753, 38.78755694872373], [-9.16389897092949, 38.78765200642233], [-9.16392721340318, 38.78775120298911], [-9.1639270469713, 38.78783506583765], [-9.16392345735916, 38.78787383088865], [-9.16389333733892, 38.78791598450101], [-9.16381545500362, 38.78798999471561], [-9.16367519282189, 38.78810437028274], [-9.16361140944353, 38.78813429812568], [-9.16355272330236, 38.78814319199341], [-9.16349111283821, 38.78814058528459], [-9.16340931298225, 38.78812662482481], [-9.16320541437855, 38.78808969272968], [-9.16313841391589, 38.78808082611474], [-9.16311834210022, 38.78808523669749], [-9.16303497797671, 38.7881466802436], [-9.16268535215537, 38.78841999522179], [-9.16249488884396, 38.78857255783387], [-9.16242463700808, 38.78862541993333], [-9.16240466878149, 38.78863712757147], [-9.16237137029329, 38.78864273637021], [-9.16215765773391, 38.78866758937924], [-9.16193855434142, 38.78869366137378], [-9.16180501359286, 38.7887073624045], [-9.16176888418461, 38.78871596491343], [-9.1617159879461, 38.78875939670259], [-9.16146784381818, 38.78899101309445], [-9.16099786994677, 38.78944355209648], [-9.1608659284717, 38.78957659085227], [-9.16080988988469, 38.7899616242331], [-9.16079346685691, 38.79003607731305], [-9.16075333131651, 38.79003850479303], [-9.16068496961736, 38.79003073058526], [-9.16040612967373, 38.79027315013238], [-9.16015366370465, 38.79048488915875], [-9.16012188686853, 38.79050814186072], [-9.16007537740481, 38.79053160961471], [-9.15998751709932, 38.79056066526368], [-9.1597756360624, 38.79062531575462], [-9.15969191388829, 38.79066172028634], [-9.15966141125007, 38.7906860380962], [-9.15956321626475, 38.79092479754545], [-9.15937281209854, 38.79136325369209], [-9.1592576113679, 38.79163657097511], [-9.15923253443189, 38.7916535429345], [-9.15913959411379, 38.79170570603189], [-9.15874093008503, 38.79190828389586], [-9.15854283688568, 38.79200415453886], [-9.15841406339896, 38.79207761600821], [-9.15848718811024, 38.79215236477308], [-9.15847091927185, 38.79223006796204], [-9.15840751851301, 38.79228719034822], [-9.15834078675015, 38.79229723494319], [-9.15826459059116, 38.7923052024771], [-9.15819663319902, 38.79232570764618], [-9.15814235200615, 38.79236077364841], [-9.1580870310635, 38.79251627890003], [-9.15802314170441, 38.79273212570084], [-9.15798205140491, 38.79284481289002], [-9.15791996080617, 38.79288120567075], [-9.15786067059485, 38.79289614259616], [-9.15766088788354, 38.79290627268961], [-9.15744276086596, 38.79292124909867], [-9.1573544475523, 38.79293517731254], [-9.15731204571907, 38.79295590383202], [-9.15722577962623, 38.79300809338134], [-9.15711136642934, 38.79312025550081], [-9.15689187144652, 38.79336124486815], [-9.15668815351205, 38.79362713628112], [-9.15653059316197, 38.79382092218889], [-9.15648551204891, 38.79387158124059], [-9.15644156304283, 38.79389709781051], [-9.15637754363738, 38.79390360450838], [-9.15599086234761, 38.79376241844135], [-9.1557821131947, 38.79367696772277], [-9.15573003933257, 38.79366553054314], [-9.15546924377652, 38.79368330880394], [-9.15524353402547, 38.7936913205117], [-9.15515505403366, 38.79370173459841], [-9.15510804527953, 38.79372241594495], [-9.15506744816147, 38.79376465531487], [-9.15503552598509, 38.79387482918982], [-9.15499756598389, 38.79399712715962], [-9.15494821738511, 38.79407160162964], [-9.154857332751, 38.79422787035259], [-9.15481552612562, 38.79429038947109], [-9.15475988989069, 38.79435185668836], [-9.1546981170414, 38.7944025700234], [-9.15456358188112, 38.79450058144281], [-9.15450454294614, 38.79453334713541], [-9.15444373414409, 38.79454703181874], [-9.15418154506802, 38.79457202200457], [-9.15400924958544, 38.79458911277269], [-9.15392842526224, 38.79459567938804], [-9.15385205964253, 38.79459157063337], [-9.15379783714253, 38.79453466848441], [-9.15372622040207, 38.79443611593667], [-9.15291064156086, 38.79447054147185], [-9.15279686013128, 38.7943048945291], [-9.15243393752481, 38.79444930288594], [-9.15239363007109, 38.79452874536015], [-9.15238042235285, 38.79455462187289], [-9.1523497924488, 38.79478008128117], [-9.15232815184729, 38.79484431523116], [-9.15226112510383, 38.79489020712133], [-9.1517263778851, 38.7951497943334], [-9.15145086550923, 38.79529794236044], [-9.15143698160849, 38.79560819874012], [-9.15140523977908, 38.79565829189462], [-9.15111961377105, 38.79569501121684], [-9.15047514786361, 38.7957756645506], [-9.14988773340093, 38.79585374969333], [-9.14980982802866, 38.79579020138341], [-9.14966960933089, 38.79564306720226], [-9.14945264696168, 38.795254835713], [-9.14933945284204, 38.79514628318691], [-9.14861505113218, 38.79477715047351], [-9.14846031447026, 38.79473417703151], [-9.14831947556361, 38.79470459787827], [-9.14826294824102, 38.79471202589217], [-9.14816270318567, 38.79476135946645], [-9.14807610643241, 38.79477463162203], [-9.14796431362968, 38.79476452492389], [-9.1478664944616, 38.79473348792693], [-9.14774323093324, 38.79466105683733], [-9.14751388120921, 38.79457513606279], [-9.14721329563971, 38.79448208825206], [-9.14692851854275, 38.79438340595933], [-9.14648573563096, 38.79425411679112], [-9.14615609069324, 38.7941086228434], [-9.14610207731866, 38.79411449849628], [-9.1460259834057, 38.79395932293996], [-9.14590518889593, 38.79366294082784], [-9.14569893685192, 38.79312723860622], [-9.14558567451692, 38.79275304839598], [-9.14554043979747, 38.79253365622532], [-9.14552080972522, 38.79236646378479], [-9.14551608201233, 38.79217896391255], [-9.14550127666275, 38.79205226461322], [-9.14544978498419, 38.79191921471235], [-9.14539466282097, 38.7918385331776], [-9.14539108906626, 38.79174056321369], [-9.14540905769818, 38.79163564628467], [-9.14546673720349, 38.79159623209448], [-9.1456091390266, 38.79158995387586], [-9.14598750242596, 38.79162558368908], [-9.14600207954991, 38.79158996581501], [-9.1460034516754, 38.7915324816513], [-9.14592168200408, 38.79109037481276], [-9.14586996055389, 38.79079501245342], [-9.14584886239504, 38.79067854559312], [-9.1457423412891, 38.79017071439416], [-9.14570263773189, 38.78995983073391], [-9.14564190236674, 38.78962905029675], [-9.14551708868142, 38.78904868457172], [-9.14545378271169, 38.78885322661377], [-9.14529537438773, 38.78848438572277], [-9.14517997365664, 38.78826739717458], [-9.14509194250168, 38.78814646728169], [-9.1450265047197, 38.78814199144458], [-9.14489617092535, 38.78816248949217], [-9.14448504894889, 38.78824297956547], [-9.14397731083502, 38.78833529265765], [-9.14355086652247, 38.78840654572026], [-9.14312221762617, 38.78847618858033], [-9.14287521310512, 38.78852399460262], [-9.14278475629935, 38.78854081371153], [-9.14258816461834, 38.78853152639664], [-9.14252433792824, 38.78851856342737], [-9.1424927232547, 38.78849686116273], [-9.14233923063851, 38.78840180289207], [-9.1421882261012, 38.78826286136457], [-9.14208195493783, 38.78815388508031], [-9.1419134859755, 38.78799230341251], [-9.14177551877855, 38.78785567547155], [-9.14171347334463, 38.78781396547156], [-9.14168522592922, 38.78780241090479], [-9.14174359201697, 38.78773011511992], [-9.14152792717183, 38.78751894709227], [-9.14139553071029, 38.78739317362247], [-9.14126450687869, 38.7872835994537], [-9.14114882737962, 38.78720091789938], [-9.1409938096799, 38.78715244029064], [-9.14082095571275, 38.78709637501127], [-9.14036587213107, 38.78694780607893], [-9.14028831248951, 38.78695685096027], [-9.14022759357771, 38.78694386534129], [-9.13990351116111, 38.78684613401577], [-9.13976890781712, 38.78679981459347]]]], "type": "MultiPolygon"}}, {"type": "Feature", "properties": {"name": "Parque das Nações", "wof:id": 1511679729, "source": "pt-dgt via whosonfirst"}, "geometry": {"coordinates": [[[[-9.08633277485446, 38.79622531758989], [-9.0871359067893, 38.79294109127085], [-9.08769314343366, 38.78895574017285], [-9.08812188688545, 38.78298108109325], [-9.08843151143104, 38.77951524311955], [-9.08877250851044, 38.77632370083016], [-9.08897994587293, 38.77441037313663], [-9.08942275196657, 38.77330212120681], [-9.09001567555511, 38.76631091901015], [-9.08984740404693, 38.76228176611939], [-9.08990610103779, 38.76096758839545], [-9.08983556431798, 38.75854984548521], [-9.09001124922702, 38.75457758818897], [-9.09070975367929, 38.75242016466207], [-9.09456176352556, 38.75322027167359], [-9.0946330729858, 38.75323508219448], [-9.09589264822642, 38.75361068025769], [-9.0960041062666, 38.75364399013497], [-9.0971230716786, 38.75397767740684], [-9.09887876119961, 38.7545060579336], [-9.09932889119556, 38.75464150177018], [-9.1003729640097, 38.75495560013814], [-9.10050914871929, 38.7549966270645], [-9.10099070330542, 38.75514153283426], [-9.1027123895595, 38.75565230233454], [-9.10287130228627, 38.75568944472268], [-9.10307383815105, 38.75573685323634], [-9.10309670426464, 38.75574396162828], [-9.10311517605051, 38.75584108588095], [-9.10314448845877, 38.75626609949448], [-9.10343042643149, 38.7591875607976], [-9.10348323605889, 38.75972750371874], [-9.10348893466995, 38.7597853786304], [-9.10379059006105, 38.76266796219665], [-9.1037953068156, 38.76283835941073], [-9.10380169454841, 38.76288948258207], [-9.10383853286159, 38.76318301134932], [-9.10422843313319, 38.7669594952132], [-9.10423307595878, 38.76700449218388], [-9.10458228716015, 38.77038601098349], [-9.10459596798593, 38.77051875187087], [-9.10482874401829, 38.77305097217337], [-9.10497367582791, 38.77450252657357], [-9.10501199906122, 38.77464065983428], [-9.10506712128667, 38.77488728764964], [-9.10371444585624, 38.77497627588746], [-9.10152693435967, 38.77511885270711], [-9.10106694228187, 38.77514879270453], [-9.10076255576308, 38.77517239544059], [-9.09944428540139, 38.77519806850754], [-9.09924771141811, 38.77521096531925], [-9.09912561928671, 38.77521760633233], [-9.09925500661246, 38.77611261847261], [-9.0993372870658, 38.77664919516513], [-9.09944243402902, 38.77729115518918], [-9.09952328423174, 38.77782786506526], [-9.09958776022615, 38.77827538964974], [-9.09969090410201, 38.77899143258342], [-9.09978050414019, 38.77961234234514], [-9.09988420181506, 38.78025625388814], [-9.10008124083327, 38.78151056572978], [-9.10013810135014, 38.78191159224976], [-9.10032225831278, 38.78319708504097], [-9.10034159810759, 38.78333208532701], [-9.10048549203664, 38.78432726850252], [-9.10088052886849, 38.78705272902609], [-9.10095604430015, 38.78771417431614], [-9.10098753346101, 38.78820069236213], [-9.10102267255469, 38.78935495982766], [-9.10098590033062, 38.79006200007917], [-9.1009377555751, 38.79051988328629], [-9.10073544548194, 38.79173758161484], [-9.10035675766065, 38.79314594287443], [-9.09997121068193, 38.79439970642495], [-9.09969263698012, 38.7953242280302], [-9.09950133121441, 38.79598196402418], [-9.0993971655396, 38.79637019650829], [-9.09865268013282, 38.79616910432186], [-9.09861453412098, 38.79614913039399], [-9.09855983780945, 38.79613594365873], [-9.09848672321007, 38.79613143404777], [-9.0983011439098, 38.79612316041545], [-9.09817805580638, 38.79612150362342], [-9.09814224686296, 38.79612741123803], [-9.09812489502804, 38.79612956418824], [-9.09809251886707, 38.7961340472283], [-9.09792465333901, 38.79615976622737], [-9.09791342113814, 38.79616248024274], [-9.09788635212272, 38.79616958570889], [-9.09785472529394, 38.79617927890738], [-9.0978228180571, 38.79618943290905], [-9.09779697342522, 38.79619856400604], [-9.09778580026859, 38.79620309709539], [-9.09774969108899, 38.79621833103275], [-9.09773449712253, 38.79622430252791], [-9.09771957318319, 38.79622981239452], [-9.09768887261575, 38.796241533662], [-9.09764870854836, 38.79625661998627], [-9.09763348535496, 38.79626213231229], [-9.09760537322465, 38.7962728953803], [-9.0975798277747, 38.79628202395972], [-9.09756577839312, 38.79628751757995], [-9.09754428044018, 38.7962963344014], [-9.09753426224202, 38.79630107412049], [-9.09752394896917, 38.79630535687697], [-9.09750906950078, 38.79631246072864], [-9.09749422215202, 38.7963202398976], [-9.097479644953, 38.79632756644546], [-9.09738350156298, 38.79637212158399], [-9.09737064126547, 38.79637873134136], [-9.09730567644108, 38.79640859772395], [-9.09726472460722, 38.7964266539804], [-9.09721284768317, 38.7964480981217], [-9.09719624618851, 38.79645545935299], [-9.0971564729206, 38.79647393822095], [-9.09713097591164, 38.79648487776952], [-9.0971091871881, 38.79649347982237], [-9.09709916766076, 38.79649821050746], [-9.09707846719892, 38.79650736386063], [-9.09706368346361, 38.79651457405863], [-9.09704879771726, 38.79652121850629], [-9.09700925307036, 38.79653787586449], [-9.09696966835087, 38.79655318327212], [-9.09695649345367, 38.79655866059763], [-9.09694389693121, 38.79656434933761], [-9.09690721204228, 38.79657959677212], [-9.09684294141737, 38.796603773256], [-9.09682654363692, 38.79660840339409], [-9.09679255982052, 38.79661746628462], [-9.09676403253087, 38.79662391784318], [-9.09657256593207, 38.79666576343284], [-9.09654837082511, 38.79667167477994], [-9.09629556940132, 38.79672923169785], [-9.09626668085019, 38.79673365035261], [-9.09625280097553, 38.79673550327067], [-9.09622618294374, 38.7967385150987], [-9.09619345976241, 38.79674119080907], [-9.09616655096182, 38.79674397982543], [-9.0961251911262, 38.79674886154949], [-9.09609248852398, 38.7967522117455], [-9.09604816864721, 38.79675533429566], [-9.09603456740511, 38.7967565093072], [-9.09600878669531, 38.79675836208872], [-9.09599602781032, 38.79675883655397], [-9.09597251762899, 38.79675928251565], [-9.09593834926757, 38.79675969109289], [-9.09573706273853, 38.7967588031069], [-9.09568972496502, 38.79675834726834], [-9.09562851692607, 38.79675951898063], [-9.09560151093061, 38.79675936311999], [-9.09557446654276, 38.79675806448068], [-9.09551251118723, 38.79675425197183], [-9.0954959126655, 38.79675252407654], [-9.09546764089366, 38.79674897366567], [-9.09545364010457, 38.79674697305097], [-9.0954052605041, 38.79674085887648], [-9.09535132924815, 38.79673371036807], [-9.09530903308769, 38.79672725870526], [-9.09525472302389, 38.79671761811347], [-9.09524130908909, 38.79671560273218], [-9.09518686453908, 38.79671051215076], [-9.09516821156078, 38.7967083687512], [-9.09515392305401, 38.79670637046951], [-9.09512825751586, 38.79670232110436], [-9.0950993576347, 38.79669742550775], [-9.09507312396242, 38.79669384020537], [-9.0950614477033, 38.79669179248144], [-9.09504654544909, 38.79668866335703], [-9.09503336645941, 38.79668528674181], [-9.09497272397825, 38.79666781633365], [-9.0949493271477, 38.79666213585792], [-9.09493734560125, 38.79665964024507], [-9.0949116447361, 38.79665467322899], [-9.09489993336275, 38.79665172499875], [-9.09487596712984, 38.79664649958491], [-9.09485143476773, 38.79664197332675], [-9.09482080876038, 38.79663710898375], [-9.09479368171394, 38.79663308148287], [-9.09474085405737, 38.79662410403458], [-9.09473343154587, 38.79662166996467], [-9.09472595961367, 38.79661855621275], [-9.09471123570121, 38.79661713255414], [-9.09468585719334, 38.79661645054409], [-9.09459884121928, 38.79660176420486], [-9.09452281121333, 38.79659163542571], [-9.09448750715427, 38.79658641404541], [-9.09447040521469, 38.79658319485272], [-9.09441310796217, 38.79657052480507], [-9.09434477033358, 38.7965551540418], [-9.09433243495529, 38.79655202172434], [-9.09412519841836, 38.79651002330431], [-9.09402020946039, 38.79649023371523], [-9.0940070535409, 38.79648771163348], [-9.09398547006477, 38.79648419683759], [-9.09396122216808, 38.79648104534394], [-9.09393276839053, 38.79647678534251], [-9.09390300800667, 38.79647208478796], [-9.09387956221066, 38.79646874742654], [-9.09385350042916, 38.79646432271136], [-9.09381643054071, 38.79645617009914], [-9.0938057074917, 38.79645224079088], [-9.09379731800614, 38.79644979659624], [-9.09377128570743, 38.79644413755265], [-9.09374267502501, 38.7964367620986], [-9.09367277228725, 38.79642053815947], [-9.09351805960826, 38.79638894952631], [-9.09339114357438, 38.79636222614778], [-9.09328684221389, 38.79633789031841], [-9.09322499508948, 38.79632658122066], [-9.09319759466719, 38.796322752865], [-9.09312551248271, 38.796315654285], [-9.09312306050265, 38.79634557940339], [-9.09305646469201, 38.79634246218646], [-9.09305863886291, 38.79631670905916], [-9.09304853761612, 38.7963162245572], [-9.0930366120428, 38.7963170341489], [-9.09302439659506, 38.79631845865078], [-9.09301170600279, 38.7963180134339], [-9.09300037756672, 38.79631614370242], [-9.0929877774516, 38.79631300440949], [-9.09296776270667, 38.79630972785505], [-9.09295393008759, 38.79630781023163], [-9.09293958261622, 38.79630526719119], [-9.09292671767145, 38.79630212105937], [-9.09291412363464, 38.79629857635783], [-9.09288869403536, 38.79629064310282], [-9.0928674778771, 38.79628361114234], [-9.09281989449365, 38.79627340071655], [-9.09277767625884, 38.79626928952064], [-9.09272552454322, 38.79626810455379], [-9.09268718572245, 38.79626882657299], [-9.09261397524321, 38.79627449107771], [-9.09260013460181, 38.79627068634546], [-9.09255193110619, 38.79629569236719], [-9.09252584249039, 38.79620615383518], [-9.09231035017579, 38.79617650750462], [-9.091656780461, 38.79620615517059], [-9.08995541774196, 38.79619585136312], [-9.08633277485446, 38.79622531758989]]]], "type": "MultiPolygon"}}, {"type": "Feature", "properties": {"name": "São Domingos de Benfica", "wof:id": 1511679067, "source": "pt-dgt via whosonfirst"}, "geometry": {"coordinates": [[[[-9.16969761794267, 38.75731784914678], [-9.16978142246348, 38.75706759051406], [-9.16972266522517, 38.75602951873442], [-9.16969345979546, 38.75568117829557], [-9.16964802367587, 38.75524470614683], [-9.16959780528251, 38.75471639759799], [-9.16959331128789, 38.75464437497278], [-9.16960135145521, 38.7545641350637], [-9.16945436226877, 38.7544231177997], [-9.16930971318321, 38.75428478194128], [-9.16903646357255, 38.7540185615138], [-9.1686946186307, 38.75367321197609], [-9.16851362624833, 38.75348745660491], [-9.16845172696151, 38.75342314959382], [-9.16816349645377, 38.75314016110117], [-9.16797339505935, 38.75296079099963], [-9.1678520029365, 38.7528393621977], [-9.16773646740253, 38.75272508767335], [-9.16767901310577, 38.75264993151365], [-9.16721933285774, 38.75236305521405], [-9.16698326834612, 38.75218679425877], [-9.16610371566008, 38.75134154894387], [-9.1658552447071, 38.75110233967443], [-9.16563421138118, 38.75096363902122], [-9.16546488473318, 38.75075539218813], [-9.16543422004673, 38.75062324900147], [-9.16540048864971, 38.75043798765871], [-9.16538678496334, 38.75036514625648], [-9.16526878841683, 38.75007974327615], [-9.16512604043548, 38.74991256114508], [-9.1647858403749, 38.74938805840532], [-9.16204454851565, 38.7451613540623], [-9.16202180669246, 38.74512628590168], [-9.16648102189131, 38.74321635797848], [-9.16596025442113, 38.74291854452056], [-9.16307846330208, 38.74127044218501], [-9.16284341256302, 38.74113600927272], [-9.16214695809996, 38.74081345839068], [-9.16176692152257, 38.7407955503254], [-9.16018463034437, 38.74080948663494], [-9.15895554730936, 38.7408765642952], [-9.15886629542126, 38.74073703156913], [-9.15862165753492, 38.74041741814298], [-9.15750243198029, 38.73895167224428], [-9.15772472816676, 38.73885730707494], [-9.15870146630861, 38.73844619721972], [-9.15980556274181, 38.73798104681928], [-9.16022767751246, 38.73790995446801], [-9.16070692078676, 38.7380000887653], [-9.16293520569788, 38.73841914879873], [-9.16370764996857, 38.7385644067847], [-9.16462615803067, 38.73873130474382], [-9.16591775158458, 38.73896598225026], [-9.16642553062336, 38.73921307443696], [-9.16666667986452, 38.73938614031589], [-9.16703635977675, 38.73967481670826], [-9.16743978467628, 38.74024319368864], [-9.16843779012205, 38.74155122310331], [-9.16854222060951, 38.74167018959478], [-9.16978847248611, 38.74095895212803], [-9.16991953625247, 38.74087581661138], [-9.17017442298285, 38.74068619082246], [-9.17038823396511, 38.7405194476658], [-9.17050969108522, 38.74040847336325], [-9.17064799380482, 38.74026942513585], [-9.1707494551503, 38.74020727035386], [-9.1710198761921, 38.73982023332405], [-9.17105453391167, 38.73975146606482], [-9.17120551062737, 38.73945556926653], [-9.17129185230474, 38.73922330116917], [-9.1714145602329, 38.73919878999713], [-9.17153852239617, 38.73918147291892], [-9.17167979830718, 38.73916850579523], [-9.17180058554647, 38.73917013309489], [-9.17192152822485, 38.73918256828617], [-9.17211405810568, 38.73921418248822], [-9.17231269053143, 38.73927006416346], [-9.17254741669394, 38.7393562502703], [-9.17274720051284, 38.73943953449442], [-9.17386493002547, 38.73886088040531], [-9.17427128233986, 38.73654486197389], [-9.17448607162367, 38.73439810106506], [-9.17564503910168, 38.73472735873887], [-9.17606858595529, 38.7348469905946], [-9.1770868156136, 38.73513459327214], [-9.17748665028426, 38.73525009895739], [-9.17904538045279, 38.73569472586252], [-9.1810441720054, 38.73625806703354], [-9.18161278162011, 38.73642195413067], [-9.18166867539508, 38.73643805239326], [-9.18191526551398, 38.73648831797919], [-9.18211305537353, 38.73654950429896], [-9.18290408265115, 38.73680848156415], [-9.18339514602717, 38.73704213826409], [-9.18399415904478, 38.73732040114225], [-9.18535456312056, 38.73796634043813], [-9.18614756500987, 38.73834789137261], [-9.18623760661544, 38.7383960629268], [-9.18631031854039, 38.73846891075008], [-9.18642348770944, 38.7385796871293], [-9.1864702387097, 38.73869851591191], [-9.18648915719575, 38.73876491323964], [-9.18647817613396, 38.73893309727046], [-9.18648781526115, 38.73897849901061], [-9.18647544141628, 38.73905211435109], [-9.1864318925517, 38.73913303671818], [-9.18627326586367, 38.7392955267869], [-9.18600408573931, 38.73955007438013], [-9.18592482192325, 38.73963475023402], [-9.18582861073814, 38.73977920233798], [-9.18579886338575, 38.73989152664288], [-9.18577768649534, 38.73996873423124], [-9.18578974469967, 38.74017868623459], [-9.18579098049278, 38.74026270006215], [-9.18588197617015, 38.74038760450241], [-9.1859416372309, 38.74046447945936], [-9.18606349443001, 38.74054733651176], [-9.1861674999025, 38.74061990158724], [-9.18699183714978, 38.74100464927493], [-9.18708192472337, 38.74104582154844], [-9.18724864726875, 38.74112835746586], [-9.18744211261592, 38.74120713977828], [-9.18757265880372, 38.74126199712341], [-9.18772531898422, 38.74129555939259], [-9.18785533590224, 38.74132238886394], [-9.18800340951755, 38.74134907415053], [-9.18810659392164, 38.74136570633457], [-9.18824532286643, 38.74137490140191], [-9.18837504297792, 38.74137372856715], [-9.18850022748101, 38.74136908349158], [-9.18863881555761, 38.7413608942751], [-9.18877745397965, 38.74135612650969], [-9.18919714487948, 38.74125248100854], [-9.19015912877194, 38.74391803737816], [-9.19017383902228, 38.74394613843575], [-9.18978122936769, 38.74403090368885], [-9.18984878441163, 38.74509302653923], [-9.18980326467516, 38.74552346916715], [-9.18973776078845, 38.74600264360219], [-9.18971016915283, 38.74623817612083], [-9.18958060407386, 38.74729399868168], [-9.18942102970803, 38.74819420033293], [-9.18931270290946, 38.74880528071932], [-9.18910252501228, 38.7493182908152], [-9.18883227193938, 38.74996975353866], [-9.18850050882351, 38.75067048522576], [-9.18815707155674, 38.75128197380351], [-9.18790355951622, 38.75166556312688], [-9.18781356086276, 38.75180311464243], [-9.187442727616, 38.75230647090691], [-9.18735213943653, 38.75242963110964], [-9.18696763943364, 38.75288276811985], [-9.18642815323888, 38.75341576316175], [-9.18640479524232, 38.75343885347912], [-9.1859351800032, 38.7538737512392], [-9.18551518916968, 38.75421822226573], [-9.18519768257733, 38.75447243263938], [-9.18443830557282, 38.75501483630194], [-9.18359567427923, 38.75552542646766], [-9.18288593499691, 38.7559049948076], [-9.18249471404402, 38.75609506412228], [-9.18124750535113, 38.7565930516166], [-9.18069052471455, 38.75678460312626], [-9.18023635444548, 38.75692668788658], [-9.17960631290503, 38.75708645261373], [-9.17904837948057, 38.75722125661218], [-9.17847961597625, 38.7573236375641], [-9.17824187463122, 38.75736639164654], [-9.17745572015136, 38.75749513425225], [-9.17686577461371, 38.75756525864612], [-9.17650332960123, 38.75759282138731], [-9.17584021467475, 38.75762306950702], [-9.17519767890792, 38.75763700641266], [-9.17482441631066, 38.75764033933688], [-9.17218638456911, 38.75751426781066], [-9.17061751098338, 38.75739045620274], [-9.16969761794267, 38.75731784914678]]]], "type": "MultiPolygon"}}, {"type": "Feature", "properties": {"name": "Benfica", "wof:id": 1511679073, "source": "pt-dgt via whosonfirst"}, "geometry": {"coordinates": [[[[-9.18735213943653, 38.75242963110964], [-9.187442727616, 38.75230647090691], [-9.18781356086276, 38.75180311464243], [-9.18790355951622, 38.75166556312688], [-9.18815707155674, 38.75128197380351], [-9.18850050882351, 38.75067048522576], [-9.18883227193938, 38.74996975353866], [-9.18910252501228, 38.7493182908152], [-9.18931270290946, 38.74880528071932], [-9.18942102970803, 38.74819420033293], [-9.18958060407386, 38.74729399868168], [-9.18971016915283, 38.74623817612083], [-9.18973776078845, 38.74600264360219], [-9.18980326467516, 38.74552346916715], [-9.18984878441163, 38.74509302653923], [-9.18978122936769, 38.74403090368885], [-9.19017383902228, 38.74394613843575], [-9.19015912877194, 38.74391803737816], [-9.18919714487948, 38.74125248100854], [-9.18877745397965, 38.74135612650969], [-9.18863881555761, 38.7413608942751], [-9.18850022748101, 38.74136908349158], [-9.18837504297792, 38.74137372856715], [-9.18824532286643, 38.74137490140191], [-9.18810659392164, 38.74136570633457], [-9.18800340951755, 38.74134907415053], [-9.18785533590224, 38.74132238886394], [-9.18772531898422, 38.74129555939259], [-9.18757265880372, 38.74126199712341], [-9.18744211261592, 38.74120713977828], [-9.18724864726875, 38.74112835746586], [-9.18708192472337, 38.74104582154844], [-9.18699183714978, 38.74100464927493], [-9.1861674999025, 38.74061990158724], [-9.18606349443001, 38.74054733651176], [-9.1859416372309, 38.74046447945936], [-9.18588197617015, 38.74038760450241], [-9.18579098049278, 38.74026270006215], [-9.18578974469967, 38.74017868623459], [-9.18577768649534, 38.73996873423124], [-9.18579886338575, 38.73989152664288], [-9.18582861073814, 38.73977920233798], [-9.18592482192325, 38.73963475023402], [-9.18600408573931, 38.73955007438013], [-9.18627326586367, 38.7392955267869], [-9.1864318925517, 38.73913303671818], [-9.18647544141628, 38.73905211435109], [-9.18648781526115, 38.73897849901061], [-9.18647817613396, 38.73893309727046], [-9.18648915719575, 38.73876491323964], [-9.1864702387097, 38.73869851591191], [-9.18642348770944, 38.7385796871293], [-9.18631031854039, 38.73846891075008], [-9.18623760661544, 38.7383960629268], [-9.18614756500987, 38.73834789137261], [-9.18535456312056, 38.73796634043813], [-9.18399415904478, 38.73732040114225], [-9.18339514602717, 38.73704213826409], [-9.18290408265115, 38.73680848156415], [-9.18211305537353, 38.73654950429896], [-9.18191526551398, 38.73648831797919], [-9.18166867539508, 38.73643805239326], [-9.18161278162011, 38.73642195413067], [-9.1810441720054, 38.73625806703354], [-9.17904538045279, 38.73569472586252], [-9.17748665028426, 38.73525009895739], [-9.1770868156136, 38.73513459327214], [-9.17606858595529, 38.7348469905946], [-9.17564503910168, 38.73472735873887], [-9.17448607162367, 38.73439810106506], [-9.17430236211471, 38.73429694908688], [-9.1741859651161, 38.73414181690184], [-9.17413466884241, 38.73387969706398], [-9.17426015078342, 38.73367139472646], [-9.17447835319908, 38.73344340567616], [-9.17462523297316, 38.73326089993112], [-9.17476774648811, 38.73311244110202], [-9.17496032979746, 38.73293534942946], [-9.17514967102726, 38.73280429838165], [-9.17533078050503, 38.73271611666357], [-9.17560462841606, 38.73263115938111], [-9.17577888367927, 38.73260149807147], [-9.17591690762609, 38.73258720370985], [-9.17609017503865, 38.73256863129187], [-9.17621298047964, 38.73256753372912], [-9.17637256068403, 38.73259619312205], [-9.17652963863866, 38.73261892945798], [-9.17712478415124, 38.73272224120452], [-9.17756901843286, 38.73280538136064], [-9.17762744357959, 38.73281629837685], [-9.17783323659785, 38.73283462430015], [-9.17798833118352, 38.73284035248371], [-9.17811833087761, 38.73282783873588], [-9.1782481328456, 38.73280965167407], [-9.17926494160344, 38.73249179915742], [-9.17995047622692, 38.73225681074305], [-9.18015047083727, 38.73201588672728], [-9.18000813476839, 38.73163835944884], [-9.17941172350345, 38.73111756395767], [-9.17831618130498, 38.73008923253425], [-9.1760105524828, 38.72803338325784], [-9.1756141233541, 38.72779335426788], [-9.17494146622736, 38.7276968407689], [-9.17428598125629, 38.72734518170221], [-9.17416377223375, 38.72720475949492], [-9.17397536894948, 38.7269113175113], [-9.17389296166138, 38.72676939661667], [-9.17386192425545, 38.72669896222593], [-9.17385334654066, 38.72663727177007], [-9.17385826601284, 38.72651838832027], [-9.17390802934623, 38.72638192675652], [-9.17405232743918, 38.72606437636522], [-9.17413931512966, 38.72591776467588], [-9.17423794722338, 38.72576304123788], [-9.17446223671437, 38.72542691443172], [-9.17469365774511, 38.72521201255589], [-9.1748130987052, 38.72515437810107], [-9.17534936423446, 38.72496943500947], [-9.17673521466184, 38.72461017913478], [-9.17722579978086, 38.72448299814075], [-9.17797932927459, 38.72418404199365], [-9.17813051290608, 38.72403253248578], [-9.17812493735969, 38.72384783041301], [-9.17812218590861, 38.72375903760107], [-9.17814409283022, 38.72376451942132], [-9.17836601599111, 38.72382026761236], [-9.17886107839731, 38.72393462578403], [-9.17927460815455, 38.72403011582692], [-9.17995310115906, 38.72419229341234], [-9.18058879935657, 38.72434423114215], [-9.18089342032674, 38.72441617185348], [-9.18147626969155, 38.7245399298323], [-9.18184520259315, 38.72458968868153], [-9.18213668991194, 38.72462902835898], [-9.18385304209841, 38.72479680768767], [-9.18429939819679, 38.72484043563205], [-9.18434955765275, 38.7248488113786], [-9.18526433700427, 38.72500145197054], [-9.18539478725851, 38.72502063374663], [-9.18565087055913, 38.7250770694323], [-9.18613438159393, 38.72518367465593], [-9.18694328412465, 38.72534616446772], [-9.18756892110617, 38.7254287025071], [-9.18771980374122, 38.72544698485858], [-9.18819454991813, 38.72550456875732], [-9.18901030640725, 38.72554466307724], [-9.18915782192375, 38.72555016032756], [-9.18945291669528, 38.72556110595175], [-9.18996724623572, 38.72554283474545], [-9.19022444156664, 38.72553367324603], [-9.19079607047813, 38.72548777925321], [-9.19161013849001, 38.72540572979596], [-9.19197790617027, 38.72533114634771], [-9.19290712874898, 38.72514272873065], [-9.19382262761055, 38.72488327534575], [-9.19386528270237, 38.7248673047493], [-9.19398139208855, 38.72482652476974], [-9.19414660993715, 38.72476925690806], [-9.19489671823466, 38.72450932521849], [-9.19667812714573, 38.72385921965915], [-9.19737685918503, 38.72360847890943], [-9.19780819643551, 38.72345510588944], [-9.19836023627857, 38.72325324935689], [-9.20047355349573, 38.72248026244053], [-9.20196587810372, 38.72194388492583], [-9.20288890948392, 38.72161627460506], [-9.20350152070255, 38.72140700173339], [-9.20373447903487, 38.72133019086078], [-9.20475332388984, 38.72102889924658], [-9.20575648669799, 38.7207266788411], [-9.20626416538871, 38.72057372724914], [-9.20741240379206, 38.72023050745606], [-9.20826816133563, 38.71998122052446], [-9.20933785302136, 38.71966959299152], [-9.20940649001333, 38.71964904838948], [-9.20943117404456, 38.71964144822193], [-9.20964169547338, 38.71957858714614], [-9.21102139972227, 38.71916521551055], [-9.21134945595811, 38.71906715314176], [-9.21578696361335, 38.71774967775359], [-9.21627421774783, 38.71761136918004], [-9.21650364655626, 38.71754620826916], [-9.21674867698492, 38.71748809775716], [-9.2170998493774, 38.71740483550747], [-9.21774792193713, 38.71724946674694], [-9.2180032691724, 38.71718730075507], [-9.21815390351335, 38.71715066145615], [-9.21838735788274, 38.71710093045379], [-9.21988441371734, 38.71686303484663], [-9.21923572081933, 38.71766706989536], [-9.21876059028379, 38.71822627369917], [-9.2183082242722, 38.71849856385677], [-9.21741985904235, 38.71903328029666], [-9.21656794885496, 38.7195460441708], [-9.21574431039415, 38.72004177827038], [-9.2149528797723, 38.72047489596227], [-9.21443229689848, 38.72075978373523], [-9.21346577357176, 38.72113004352251], [-9.2126950955279, 38.72142527309129], [-9.21169777288751, 38.72180731833915], [-9.21138139103771, 38.72193180389357], [-9.21121121221831, 38.72199318630964], [-9.21084928963555, 38.72223316094716], [-9.21038115182077, 38.72254073250213], [-9.21002130327844, 38.72275477894608], [-9.20959793726151, 38.7230100462188], [-9.20899278719209, 38.72337265415062], [-9.20816787288446, 38.72386693435399], [-9.2079548774794, 38.72416407050434], [-9.20807808526277, 38.72453700491664], [-9.20837219542465, 38.72542721921788], [-9.20862379858677, 38.72618875773497], [-9.2089482778154, 38.7271708427289], [-9.209272310901, 38.72815155072485], [-9.20953265334592, 38.7289394812824], [-9.2097697266362, 38.72965083106187], [-9.20989355131731, 38.7300392743149], [-9.20991414270731, 38.73009403144715], [-9.20931134651217, 38.73104613512191], [-9.20886564518073, 38.73175009380439], [-9.20852941407592, 38.73228113759224], [-9.20818101580274, 38.73283138706407], [-9.20761869158837, 38.7337194855776], [-9.20707003992504, 38.73458596846704], [-9.20685236307856, 38.73492973820555], [-9.20635551316368, 38.73571438053175], [-9.20598291926144, 38.73630278186715], [-9.20557421054284, 38.73694820401501], [-9.20509434403114, 38.73770597867598], [-9.20508900635343, 38.73780375428623], [-9.20509034575029, 38.73789319228327], [-9.20510829547503, 38.73806282042725], [-9.20523709009482, 38.73930633043022], [-9.2053126287443, 38.73996518127591], [-9.20535483373478, 38.74035614108958], [-9.2053890067377, 38.74067266916024], [-9.20547790703267, 38.74144805366599], [-9.20555467365839, 38.74218120723044], [-9.20562442047018, 38.74283696154223], [-9.20563689692249, 38.74289449521022], [-9.20572031976136, 38.74303470185227], [-9.20580307540702, 38.74313852122268], [-9.20639685040575, 38.74390935039151], [-9.20695536225729, 38.74463663416292], [-9.20733856289262, 38.74515456557295], [-9.20753735746703, 38.74544828069477], [-9.20766649504078, 38.7456148124838], [-9.20788367079174, 38.74589917184176], [-9.20801627380895, 38.7460665766417], [-9.20826370801682, 38.74638956616857], [-9.20845426804181, 38.74663993689545], [-9.20866774326103, 38.74691504802833], [-9.20876070667247, 38.74703930723461], [-9.20895741475949, 38.74730070551029], [-9.20912159591391, 38.74751780528536], [-9.20921556379827, 38.74763178777721], [-9.20930604268791, 38.74775147992793], [-9.2095476574433, 38.74807650278417], [-9.20986003182675, 38.74847951041316], [-9.20995176418667, 38.74859819332598], [-9.21011583783398, 38.74881538990125], [-9.21029057125766, 38.74902969287508], [-9.21046430302276, 38.74925427278956], [-9.21056562728229, 38.74938305008962], [-9.21070078037739, 38.74956619270918], [-9.21089497096889, 38.74981183991157], [-9.21104104413515, 38.75000965059217], [-9.21123529681254, 38.75026737156864], [-9.21133558886139, 38.75038859294436], [-9.21141606741158, 38.75047756447962], [-9.2112523879559, 38.75055420209752], [-9.2111255041525, 38.75062257055943], [-9.21055076915168, 38.75091008683439], [-9.21037036910174, 38.75100011880713], [-9.21027018288537, 38.75105373773221], [-9.21020414775888, 38.75113739991193], [-9.21013815300246, 38.75122375861405], [-9.21006886583821, 38.75132060295658], [-9.209859169989, 38.75161942989035], [-9.20880835364029, 38.75314259712228], [-9.20871545079049, 38.75329118073866], [-9.20868750527604, 38.75333755417996], [-9.20868508463884, 38.75338306307824], [-9.20869239926853, 38.7534258764336], [-9.20870268562708, 38.75345208090609], [-9.20877170077473, 38.75358187760897], [-9.20888421401144, 38.75378909937768], [-9.20898202834668, 38.75397492952755], [-9.20899155159338, 38.75401159092824], [-9.20896969734173, 38.75404242037335], [-9.20892770714316, 38.75408045853206], [-9.20883261348774, 38.75414438830285], [-9.20876522361658, 38.75419932638152], [-9.20875119062582, 38.75423008290299], [-9.2087503040575, 38.75424765804588], [-9.20876533982799, 38.75429129570433], [-9.20883094073567, 38.75441589835551], [-9.20899294235718, 38.75471652380295], [-9.20906757115908, 38.75485239391287], [-9.20907355053376, 38.75487512946253], [-9.20906172997539, 38.75490766450472], [-9.20903528988812, 38.75493150920283], [-9.20900208126463, 38.75495721415601], [-9.20850633655916, 38.75522967264957], [-9.20814828374739, 38.75542474594212], [-9.20802629331424, 38.75549063483194], [-9.2080009985106, 38.75551455974191], [-9.20793254697843, 38.75557554051559], [-9.20791741713484, 38.75560990743143], [-9.20791353125973, 38.75564228381393], [-9.20792999129932, 38.75569644758046], [-9.20794982624959, 38.75575319436582], [-9.20801687031712, 38.75590498407598], [-9.20807511615511, 38.75606028302719], [-9.20808162595814, 38.75613372756561], [-9.20806041262985, 38.75620742618676], [-9.20804305556465, 38.75623911036461], [-9.20798025677289, 38.75630103182998], [-9.20793717229142, 38.75633557025951], [-9.20783611377281, 38.75637766425672], [-9.20759276562647, 38.75648232021091], [-9.2074181573454, 38.75654517825765], [-9.20732115858197, 38.75655922389152], [-9.20723615282536, 38.75655216838795], [-9.20717192107309, 38.75652645956171], [-9.2070673317189, 38.75647931731031], [-9.20695775120574, 38.75648293734668], [-9.2069301446365, 38.75649236001571], [-9.2068655002288, 38.7565144149804], [-9.20672228430909, 38.75657617377779], [-9.20660228711074, 38.75662889061046], [-9.20653180594682, 38.75670052109272], [-9.20644882549748, 38.75683613060545], [-9.20634485080675, 38.75705246242647], [-9.20626458541137, 38.75714687770147], [-9.20618582048667, 38.7571800271215], [-9.20608080443099, 38.75718891992499], [-9.20592085244122, 38.75717813857948], [-9.20545409151068, 38.75713684905404], [-9.20514188314585, 38.75710729149182], [-9.20481867559887, 38.75708017417634], [-9.20476465555832, 38.75707571253041], [-9.20465037811829, 38.75706541591357], [-9.20412777967382, 38.7570211154634], [-9.20402016156161, 38.75700985552479], [-9.20397221365139, 38.7570190288052], [-9.20391344310024, 38.757051097224], [-9.20362671586938, 38.7572323491367], [-9.20329768834642, 38.75743939234314], [-9.20292768873932, 38.75766869498779], [-9.20285576270848, 38.757713134783], [-9.20279687844554, 38.75773727232868], [-9.20267870081887, 38.75775853402771], [-9.20256731730372, 38.75778756480571], [-9.20244259836192, 38.75781762547526], [-9.20232124637035, 38.75784936578809], [-9.20209759866431, 38.75793364996898], [-9.20145797086885, 38.75815758516026], [-9.20069185050682, 38.75843175940082], [-9.20015146907139, 38.75862315902637], [-9.20011047780884, 38.75864371340577], [-9.20008300628178, 38.7586763048548], [-9.20002135980667, 38.75873911142119], [-9.19996702698611, 38.75877536560479], [-9.1999036747181, 38.75880134854371], [-9.19982111375134, 38.75881174224585], [-9.19968391930676, 38.75883055683009], [-9.19908682619159, 38.75889897505363], [-9.19828329184706, 38.75898693076989], [-9.19816402074536, 38.75900459386631], [-9.19809164994157, 38.75902713957004], [-9.1980599122405, 38.7590548277503], [-9.19788763889232, 38.75903851873254], [-9.19763948328063, 38.75898403386034], [-9.19735503917648, 38.75888754411454], [-9.19605964597974, 38.75850030852788], [-9.19528317090445, 38.75827227723985], [-9.19451699864193, 38.75804054407619], [-9.19427838772869, 38.7579310178284], [-9.19385330132727, 38.75773671340001], [-9.19370066558488, 38.75768405367523], [-9.1940230161688, 38.75723434071529], [-9.1943926734363, 38.75656170485046], [-9.1947075403972, 38.75591839039173], [-9.19464413198824, 38.75583159253804], [-9.19456032626611, 38.75576569781806], [-9.19446686335964, 38.75574673035515], [-9.19438404727499, 38.75574748418538], [-9.19416788339583, 38.75575485420786], [-9.19373988833143, 38.75582900516887], [-9.19347545511482, 38.75583951517737], [-9.19329321063268, 38.75580694245254], [-9.19321924878163, 38.75578419397692], [-9.19312198907421, 38.75574184051287], [-9.19300017365657, 38.75567268627236], [-9.1929131453399, 38.75562213283404], [-9.19258270304529, 38.7554476805982], [-9.19250425021231, 38.75535471248062], [-9.19212788516279, 38.75510861462657], [-9.19161022659332, 38.75472057400363], [-9.19142701361119, 38.75462225020267], [-9.19129816739115, 38.75454415002404], [-9.19070251058825, 38.75424869189008], [-9.18996258415909, 38.75384284131624], [-9.18934177527486, 38.75350614068582], [-9.18858158542537, 38.75310229294172], [-9.18828352867686, 38.75293014365867], [-9.18816652203994, 38.75286435304031], [-9.18803522438886, 38.75279376402476], [-9.18743229673315, 38.75247133121179], [-9.18735213943653, 38.75242963110964]]]], "type": "MultiPolygon"}}, {"type": "Feature", "properties": {"name": "Marvila", "wof:id": 1511679075, "source": "pt-dgt via whosonfirst"}, "geometry": {"coordinates": [[[[-9.10309670426464, 38.75574396162828], [-9.10307383815105, 38.75573685323634], [-9.10287130228627, 38.75568944472268], [-9.1027123895595, 38.75565230233454], [-9.10099070330542, 38.75514153283426], [-9.10050914871929, 38.7549966270645], [-9.1003729640097, 38.75495560013814], [-9.09932889119556, 38.75464150177018], [-9.09887876119961, 38.7545060579336], [-9.0971230716786, 38.75397767740684], [-9.0960041062666, 38.75364399013497], [-9.09589264822642, 38.75361068025769], [-9.0946330729858, 38.75323508219448], [-9.09456176352556, 38.75322027167359], [-9.09070975367929, 38.75242016466207], [-9.09099983631901, 38.75152411959671], [-9.09125149176555, 38.75038752026756], [-9.0913197523277, 38.7497898321131], [-9.09180416363098, 38.74894992920079], [-9.09190888767702, 38.74823249720369], [-9.09250080047239, 38.74688411787338], [-9.09297917107676, 38.74559638997184], [-9.09356302891861, 38.74365094280842], [-9.09385440340964, 38.742633453828], [-9.09406900475455, 38.74158668991996], [-9.09638066699355, 38.73599287120231], [-9.09633425157752, 38.73254316728256], [-9.09658904370509, 38.73190682312001], [-9.1026055905198, 38.73365173337213], [-9.10265595185004, 38.73366633723138], [-9.10343928068068, 38.73403392148726], [-9.10351254609049, 38.73406835306542], [-9.10352578150023, 38.73429821257749], [-9.10387886115029, 38.73441796289145], [-9.10395835063273, 38.73444495513513], [-9.10389160658271, 38.73468791057463], [-9.10371327848735, 38.73536137735392], [-9.10360256861774, 38.73576323629898], [-9.10395760594603, 38.73582324783003], [-9.10418707949292, 38.73586817913182], [-9.10411615912938, 38.7360660407742], [-9.10401996220568, 38.73629978350628], [-9.10409954343861, 38.73631980277678], [-9.10431282940816, 38.7363725880312], [-9.10440535128783, 38.73639614866757], [-9.10456694885349, 38.73643592407788], [-9.10477278938249, 38.73648672557578], [-9.1055059600768, 38.73666301773672], [-9.10566422364331, 38.7368577268857], [-9.10623069567423, 38.73748769563122], [-9.10677205264249, 38.73632954922], [-9.10696773453394, 38.73591076444071], [-9.10775737566604, 38.73422115071347], [-9.10818461759893, 38.73444908298254], [-9.10861360478864, 38.73470366151823], [-9.10875343228124, 38.73478662543715], [-9.10875911578242, 38.73478171374808], [-9.10889969733244, 38.73465839262897], [-9.10901109693962, 38.73457945356184], [-9.10920701210197, 38.73444053597948], [-9.10940485315119, 38.73425737330954], [-9.11040926975604, 38.73468440396634], [-9.11065247379379, 38.73477469665648], [-9.11097532272917, 38.7348945881751], [-9.11165280941835, 38.73514608288589], [-9.1125903877913, 38.73541854032791], [-9.11291392330833, 38.73551247802266], [-9.11292304601809, 38.7355151939977], [-9.11336835671975, 38.73554910718786], [-9.113480033109, 38.7356418498157], [-9.11346600844172, 38.73570952647779], [-9.113469865769, 38.73573922010621], [-9.11348652027957, 38.73577961495383], [-9.11352201729494, 38.735852280106], [-9.11355054079331, 38.73591959901241], [-9.11357886731158, 38.73597250696822], [-9.11364580847646, 38.73607373262351], [-9.11372913248142, 38.73619553890967], [-9.11376669584232, 38.73625107169067], [-9.11381122059148, 38.73631104999147], [-9.11384419656505, 38.73636752201921], [-9.11387243610265, 38.73641412511815], [-9.11391949617667, 38.73649119705801], [-9.11394161643912, 38.73651082877113], [-9.11397749926543, 38.73652764173685], [-9.11404802877387, 38.73655497339946], [-9.11414168076508, 38.73659111793743], [-9.11419492515405, 38.73661589221222], [-9.11423994616982, 38.73662812446519], [-9.11428028108631, 38.73663409052489], [-9.11432405243313, 38.73663912783906], [-9.11438159981732, 38.73664224702006], [-9.11446673395534, 38.73664423289152], [-9.11455185463192, 38.73664531892771], [-9.11460597679837, 38.73665026833005], [-9.11467975928628, 38.73666315970365], [-9.11493496141153, 38.73673847966095], [-9.11504813879506, 38.73677265789443], [-9.11508392333445, 38.73678226504774], [-9.11512425841426, 38.73678823171466], [-9.11515994429204, 38.73679063337772], [-9.11519561784898, 38.73679213524722], [-9.11521857896156, 38.7367892390765], [-9.11524377948276, 38.73678182105209], [-9.11526199386279, 38.73676815621146], [-9.11528472058467, 38.73674814794568], [-9.11534591567749, 38.73668187540618], [-9.11535417629716, 38.73669711937249], [-9.11537164779765, 38.73671318582607], [-9.11541222962088, 38.73673716605949], [-9.11543997678429, 38.7367477414309], [-9.11545617744684, 38.73675499173977], [-9.1156655042666, 38.73692329650333], [-9.11580270721799, 38.73703203646424], [-9.1158387758849, 38.73706235909466], [-9.11586103377666, 38.73709189793789], [-9.11587880174464, 38.73712958070603], [-9.11588745754437, 38.73717364648998], [-9.1158940109104, 38.73723214163793], [-9.11589623713897, 38.73731049137661], [-9.11590394050015, 38.73736897685399], [-9.11591329287227, 38.73744699553998], [-9.11637006484479, 38.73760267640566], [-9.11644921495311, 38.73762948369856], [-9.11690093005388, 38.73781862329926], [-9.11697889594299, 38.73785129531043], [-9.11703158586353, 38.73787751420413], [-9.11743666290808, 38.73807893555076], [-9.11746086571549, 38.73809098154073], [-9.11748982799209, 38.73810623117803], [-9.11750431395412, 38.738164389182], [-9.11751533134145, 38.7382378897661], [-9.11752204938933, 38.73828314275663], [-9.11756163351784, 38.73840171142174], [-9.11760482723411, 38.73857366631262], [-9.11763074899389, 38.73867721770056], [-9.11765496319603, 38.73875700269868], [-9.11768311954195, 38.73881396458773], [-9.11778391762671, 38.73901804175865], [-9.11786505216902, 38.73909698599531], [-9.11807802978663, 38.73930408035228], [-9.11833460787031, 38.73955359238087], [-9.11931626459393, 38.74046481624059], [-9.12010408200994, 38.74117076335111], [-9.12036268149984, 38.74136593632265], [-9.12047170925313, 38.74145753785508], [-9.120792064662, 38.7417267588536], [-9.1209180781189, 38.74186560587763], [-9.12096049633485, 38.74191241255157], [-9.12101642491137, 38.74197401573416], [-9.12113283521941, 38.74209166261361], [-9.12155593551437, 38.74247286789749], [-9.12208664752933, 38.74279727102488], [-9.12230533323782, 38.74294963055789], [-9.1226641015138, 38.7431992570105], [-9.12289087571503, 38.74332263263574], [-9.12325099068842, 38.74349767522462], [-9.12343593886716, 38.74358760660005], [-9.12352303069952, 38.74362245331857], [-9.12364283381255, 38.74366890683704], [-9.12372750666627, 38.74368683463079], [-9.12388376206718, 38.74371595412101], [-9.12408581827456, 38.74376342144845], [-9.12438439000676, 38.74389483116112], [-9.1246437903664, 38.7440214388156], [-9.12481155941342, 38.74409288637769], [-9.12523713308427, 38.74433337964326], [-9.12540535205824, 38.74443707063445], [-9.12551876559291, 38.74449537764094], [-9.1257505070837, 38.74465104275993], [-9.12591405745212, 38.74473279349613], [-9.1259429386998, 38.74474934242233], [-9.12616727437006, 38.7448780964955], [-9.12642364773263, 38.74509282174098], [-9.1266135145308, 38.74519803758721], [-9.12673135153362, 38.74526819616289], [-9.12691924271497, 38.74538018418639], [-9.12701317961026, 38.74544378978991], [-9.12712930066674, 38.74553945476241], [-9.1272280091712, 38.74563184382783], [-9.12731117962495, 38.74569049725955], [-9.12735952328575, 38.74574260001085], [-9.12739703231387, 38.74579308431558], [-9.1276718401442, 38.74608404100103], [-9.12777570017189, 38.74624078736435], [-9.12792630383318, 38.74647514736603], [-9.12808923860011, 38.74667805488497], [-9.1281532676616, 38.74675794809724], [-9.12816133476326, 38.74676733766122], [-9.12838667271242, 38.74703231712267], [-9.12851469352055, 38.74720579541267], [-9.12882300827682, 38.74758112775946], [-9.12894900850827, 38.74775805024595], [-9.12906041976241, 38.74789295099561], [-9.12922430455539, 38.74809132682054], [-9.12929528638232, 38.74820773647402], [-9.12937428256202, 38.74828840220498], [-9.12944462062792, 38.74835896282037], [-9.12952131725981, 38.74842271420472], [-9.12961307249757, 38.74847786888134], [-9.12972431180388, 38.74853628033524], [-9.12981792594868, 38.74857619574342], [-9.12988107722377, 38.74860105843101], [-9.12995294586096, 38.74862413434752], [-9.13004620469147, 38.74863865138494], [-9.13010044472641, 38.74863514048896], [-9.13006888834803, 38.74871457327912], [-9.1297314327052, 38.74881545554933], [-9.12973369346932, 38.74883741090543], [-9.12967694892685, 38.74889303263873], [-9.12965486434098, 38.7489261139721], [-9.12963953078587, 38.7489649865355], [-9.12962974463766, 38.74901268092294], [-9.12962628295721, 38.74905525808035], [-9.12962835438392, 38.74911249426739], [-9.129652921742, 38.74917690166686], [-9.12967352949054, 38.74920934966689], [-9.12973626547423, 38.74927148321358], [-9.12980215739198, 38.7493270393112], [-9.12986937939966, 38.74935341393313], [-9.12992176212324, 38.74936519535596], [-9.13006093880123, 38.74937461867255], [-9.13024140237802, 38.74937464393659], [-9.13039036150259, 38.7493731730951], [-9.13033924909641, 38.74938722093938], [-9.13030260032875, 38.74940762200333], [-9.13027527948027, 38.74943597306689], [-9.13025864774448, 38.74946312406863], [-9.13024699004221, 38.74949359345988], [-9.13024253331447, 38.74952721271387], [-9.13024461687763, 38.74956122296104], [-9.13010973383058, 38.74965731622732], [-9.12979740791364, 38.74962848670482], [-9.12979537344834, 38.74964894915136], [-9.12977449762262, 38.74963297249893], [-9.12973680099639, 38.74961352442313], [-9.12971680268713, 38.7496055590586], [-9.12965246331328, 38.74958755237982], [-9.12961466546208, 38.74956735567479], [-9.12955282979188, 38.74954533712105], [-9.12948887182709, 38.74952786757054], [-9.12946636836516, 38.74952429862699], [-9.12938430498581, 38.74949608927098], [-9.12934260414429, 38.74948266811472], [-9.12932291400604, 38.74947460637402], [-9.12930506358002, 38.74946367526566], [-9.12927527745633, 38.74943774873653], [-9.12919417014538, 38.74937651285116], [-9.12914455369159, 38.74937588445948], [-9.12905926633045, 38.74938410033582], [-9.1289822943117, 38.74939015368054], [-9.1289437292082, 38.74932083902397], [-9.12888977162018, 38.74934198973971], [-9.12885165292132, 38.74935075483226], [-9.12881418712182, 38.74936106009629], [-9.12884273841543, 38.74942753345618], [-9.12874384424405, 38.74945596692049], [-9.12873416616406, 38.74949252481672], [-9.12871009017646, 38.74959950255533], [-9.12876084306801, 38.74962769085234], [-9.12880499502811, 38.74963869975347], [-9.12878045346003, 38.74969460250101], [-9.12873647262899, 38.74969061554772], [-9.12871969541147, 38.74977400262922], [-9.12871165309256, 38.74982158029417], [-9.1287843330515, 38.74983170213787], [-9.12882981281275, 38.74983751029991], [-9.12883876225452, 38.7498536616868], [-9.12885316611125, 38.7498653176329], [-9.12887479951513, 38.74987216215131], [-9.12891289801645, 38.74988336760808], [-9.1289384927728, 38.74988795432897], [-9.12896358450184, 38.74989483422267], [-9.12898530388504, 38.74990240131766], [-9.12899461165255, 38.74990998138015], [-9.12900416358399, 38.74993612722557], [-9.12900354968478, 38.75006670922708], [-9.12900655965815, 38.75009193165951], [-9.12902587991368, 38.75010076587338], [-9.12904105593742, 38.7501121071479], [-9.12904360684681, 38.75013748752479], [-9.12904824988899, 38.750152913525], [-9.1290640163132, 38.75017147675672], [-9.12904906490141, 38.75022522603408], [-9.12904719397874, 38.75023694406246], [-9.12903160792253, 38.75032664723712], [-9.12903558242525, 38.75048105190393], [-9.12903999535097, 38.75064498582854], [-9.12904339042389, 38.75075768822214], [-9.12907114757629, 38.75079998492493], [-9.12909367660141, 38.75083938781368], [-9.12916392857763, 38.75090930072658], [-9.12919679139977, 38.75096967045561], [-9.12924854536464, 38.75101343806452], [-9.12932673383373, 38.7511453427477], [-9.12937337140408, 38.75121989856474], [-9.12953239392369, 38.75133285337749], [-9.1296100416872, 38.75137517230345], [-9.1296744976224, 38.75141038116985], [-9.12985669239553, 38.7514157410977], [-9.12994114690782, 38.75141819251143], [-9.13001417771282, 38.75142504254278], [-9.13008817409753, 38.75139421531183], [-9.13007808067657, 38.75149763663069], [-9.13007094081628, 38.75149724083432], [-9.13004483330119, 38.75176421894808], [-9.1300308395849, 38.75193814274292], [-9.13002665617813, 38.75198944293174], [-9.13002486613328, 38.75200953036501], [-9.13001369302049, 38.75210290813062], [-9.13000431743446, 38.75221643370632], [-9.13000039316684, 38.75226246569987], [-9.12999939501478, 38.75227820369926], [-9.12999601405274, 38.75231946411068], [-9.12999405753468, 38.75235380065887], [-9.1299924569221, 38.75244051924953], [-9.12998775698316, 38.75248917463356], [-9.12998237731134, 38.75255173310566], [-9.12997932240527, 38.75257384457608], [-9.12995783693895, 38.75279190397976], [-9.12995473861953, 38.75289823008465], [-9.12993611985878, 38.75312357938687], [-9.12991805276652, 38.75335965140525], [-9.1298903724803, 38.75359104565623], [-9.1298646771377, 38.75382993549949], [-9.12984653885429, 38.75404114736431], [-9.12990296597403, 38.75409409431512], [-9.12989028272296, 38.75420183259717], [-9.12983152269603, 38.75420819870817], [-9.12978261178137, 38.75458973097484], [-9.1297538807415, 38.75491056838901], [-9.12977113677226, 38.75491174359207], [-9.12975123068993, 38.75514476943829], [-9.12973545661211, 38.75514386444188], [-9.1297165673685, 38.75536671986686], [-9.12971311925642, 38.7554156618022], [-9.12971027294279, 38.75543268475408], [-9.12965513225623, 38.75557637675967], [-9.12963666630193, 38.75562462072024], [-9.12961543004311, 38.75585063445318], [-9.12959368610792, 38.75607348805136], [-9.12957174402576, 38.75629302123887], [-9.12957033104809, 38.75630110880675], [-9.12955395619142, 38.75651976850028], [-9.12952645694911, 38.75674539329696], [-9.12950094367309, 38.75697146775447], [-9.12948208204681, 38.75719374003747], [-9.12946107837564, 38.75741974630036], [-9.12943726683401, 38.7576430543216], [-9.12941402494798, 38.75786655114273], [-9.12939267355112, 38.75809454836207], [-9.12936762682154, 38.7583170021237], [-9.12934774023154, 38.75854164582925], [-9.12933235263684, 38.75876966063794], [-9.12924399744343, 38.75875959172565], [-9.12919210225702, 38.75876127349861], [-9.12916779173388, 38.75898262106655], [-9.1291473394439, 38.7591946810989], [-9.12912950987437, 38.75940970486434], [-9.12908781978605, 38.7598373572346], [-9.12901211475176, 38.7598319076593], [-9.12901063608846, 38.75984694891753], [-9.12898095254782, 38.76014473216678], [-9.12895867803872, 38.76037184171803], [-9.1289362974734, 38.76058686005548], [-9.12914660110812, 38.760597854567], [-9.12912221873318, 38.76083675532216], [-9.12909833030277, 38.76105657688399], [-9.12907593889959, 38.76128114270843], [-9.12906302711415, 38.76141224812721], [-9.12905021532957, 38.76150718267213], [-9.12904293995147, 38.761595515042], [-9.12907093250243, 38.76171426895394], [-9.12924703858524, 38.76215180940066], [-9.1291445749215, 38.76220990848817], [-9.12904479714894, 38.76226657397285], [-9.12901732824705, 38.76226189518216], [-9.12899411758488, 38.76226277756121], [-9.12897472639691, 38.76226737014047], [-9.12895246693727, 38.76227700721646], [-9.12893545008166, 38.76228770307618], [-9.12892780238831, 38.7622918208591], [-9.128913127612, 38.76228138512432], [-9.12877365257307, 38.76237654935372], [-9.12870599191482, 38.7624241141643], [-9.12864043562942, 38.76247036748695], [-9.12862245277541, 38.76246379632651], [-9.12859361131749, 38.762459121021], [-9.12857442366843, 38.7624618904185], [-9.12855439963844, 38.76246814035328], [-9.12854320188283, 38.76247667876149], [-9.12853401746371, 38.76248529640424], [-9.12852752524762, 38.76249697899804], [-9.12852376944829, 38.76251052001922], [-9.12852402746125, 38.7625242043081], [-9.128529495187, 38.76253898011132], [-9.12854164472043, 38.76255174340491], [-9.12855656368482, 38.76256054308693], [-9.12856720824834, 38.76256468699947], [-9.12859842918772, 38.76259313891001], [-9.12861354670434, 38.76261962105134], [-9.12861688920948, 38.76263595168716], [-9.1286115965617, 38.76265977562048], [-9.12859361348446, 38.76270883226777], [-9.12858674640014, 38.7627349368794], [-9.12858402443413, 38.7627696401818], [-9.1285887913137, 38.76278348964144], [-9.1285740814071, 38.76301354681153], [-9.12795139823384, 38.76295583111124], [-9.12786444372934, 38.7629421812646], [-9.12730374639459, 38.76285433929086], [-9.12709438548402, 38.76282343789902], [-9.12686796141938, 38.76279004282897], [-9.12641916370166, 38.76270624079864], [-9.12567123051009, 38.76251819194738], [-9.12532145229326, 38.76242552412467], [-9.12496025498977, 38.7623298597731], [-9.12459849771167, 38.76223564570628], [-9.12423728042972, 38.76211303416645], [-9.12401174520115, 38.76203642446694], [-9.12367929885471, 38.76193924315991], [-9.12281430588045, 38.76168628927721], [-9.12220370442723, 38.76150777437917], [-9.12149129963828, 38.76129943839198], [-9.12109141962158, 38.76117780969921], [-9.12040164545007, 38.76096804434641], [-9.11951069954969, 38.76069708206644], [-9.11940732051754, 38.7606656317302], [-9.11883571572868, 38.7604871357381], [-9.11855864682092, 38.76040058746047], [-9.11638058722945, 38.75974950132518], [-9.11481678604116, 38.75928200622998], [-9.11290916274702, 38.7587116650642], [-9.11270653227574, 38.75865110052091], [-9.11078281255792, 38.75807244330947], [-9.11016097480418, 38.75788535749045], [-9.10726624335857, 38.75701452040541], [-9.10502048659204, 38.75634291243031], [-9.10309670426464, 38.75574396162828]]]], "type": "MultiPolygon"}}, {"type": "Feature", "properties": {"name": "Alvalade", "wof:id": 1511679077, "source": "pt-dgt via whosonfirst"}, "geometry": {"coordinates": [[[[-9.1285740814071, 38.76301354681153], [-9.1285887913137, 38.76278348964144], [-9.12858402443413, 38.7627696401818], [-9.12858674640014, 38.7627349368794], [-9.12859361348446, 38.76270883226777], [-9.1286115965617, 38.76265977562048], [-9.12861688920948, 38.76263595168716], [-9.12861354670434, 38.76261962105134], [-9.12859842918772, 38.76259313891001], [-9.12856720824834, 38.76256468699947], [-9.12855656368482, 38.76256054308693], [-9.12854164472043, 38.76255174340491], [-9.128529495187, 38.76253898011132], [-9.12852402746125, 38.7625242043081], [-9.12852376944829, 38.76251052001922], [-9.12852752524762, 38.76249697899804], [-9.12853401746371, 38.76248529640424], [-9.12854320188283, 38.76247667876149], [-9.12855439963844, 38.76246814035328], [-9.12857442366843, 38.7624618904185], [-9.12859361131749, 38.762459121021], [-9.12862245277541, 38.76246379632651], [-9.12864043562942, 38.76247036748695], [-9.12870599191482, 38.7624241141643], [-9.12877365257307, 38.76237654935372], [-9.128913127612, 38.76228138512432], [-9.12892780238831, 38.7622918208591], [-9.12893545008166, 38.76228770307618], [-9.12895246693727, 38.76227700721646], [-9.12897472639691, 38.76226737014047], [-9.12899411758488, 38.76226277756121], [-9.12901732824705, 38.76226189518216], [-9.12904479714894, 38.76226657397285], [-9.1291445749215, 38.76220990848817], [-9.12924703858524, 38.76215180940066], [-9.12907093250243, 38.76171426895394], [-9.12904293995147, 38.761595515042], [-9.12905021532957, 38.76150718267213], [-9.12906302711415, 38.76141224812721], [-9.12907593889959, 38.76128114270843], [-9.12909833030277, 38.76105657688399], [-9.12912221873318, 38.76083675532216], [-9.12914660110812, 38.760597854567], [-9.1289362974734, 38.76058686005548], [-9.12895867803872, 38.76037184171803], [-9.12898095254782, 38.76014473216678], [-9.12901063608846, 38.75984694891753], [-9.12901211475176, 38.7598319076593], [-9.12908781978605, 38.7598373572346], [-9.12912950987437, 38.75940970486434], [-9.1291473394439, 38.7591946810989], [-9.12916779173388, 38.75898262106655], [-9.12919210225702, 38.75876127349861], [-9.12924399744343, 38.75875959172565], [-9.12933235263684, 38.75876966063794], [-9.12934774023154, 38.75854164582925], [-9.12936762682154, 38.7583170021237], [-9.12939267355112, 38.75809454836207], [-9.12941402494798, 38.75786655114273], [-9.12943726683401, 38.7576430543216], [-9.12946107837564, 38.75741974630036], [-9.12948208204681, 38.75719374003747], [-9.12950094367309, 38.75697146775447], [-9.12952645694911, 38.75674539329696], [-9.12955395619142, 38.75651976850028], [-9.12957033104809, 38.75630110880675], [-9.12957174402576, 38.75629302123887], [-9.12959368610792, 38.75607348805136], [-9.12961543004311, 38.75585063445318], [-9.12963666630193, 38.75562462072024], [-9.12965513225623, 38.75557637675967], [-9.12971027294279, 38.75543268475408], [-9.12971311925642, 38.7554156618022], [-9.1297165673685, 38.75536671986686], [-9.12973545661211, 38.75514386444188], [-9.12975123068993, 38.75514476943829], [-9.12977113677226, 38.75491174359207], [-9.1297538807415, 38.75491056838901], [-9.12978261178137, 38.75458973097484], [-9.12983152269603, 38.75420819870817], [-9.12989028272296, 38.75420183259717], [-9.12990296597403, 38.75409409431512], [-9.12984653885429, 38.75404114736431], [-9.1298646771377, 38.75382993549949], [-9.1298903724803, 38.75359104565623], [-9.12991805276652, 38.75335965140525], [-9.12993611985878, 38.75312357938687], [-9.12995473861953, 38.75289823008465], [-9.12995783693895, 38.75279190397976], [-9.12997932240527, 38.75257384457608], [-9.12998237731134, 38.75255173310566], [-9.12998775698316, 38.75248917463356], [-9.1299924569221, 38.75244051924953], [-9.12999405753468, 38.75235380065887], [-9.12999601405274, 38.75231946411068], [-9.12999939501478, 38.75227820369926], [-9.13000039316684, 38.75226246569987], [-9.13000431743446, 38.75221643370632], [-9.13001369302049, 38.75210290813062], [-9.13002486613328, 38.75200953036501], [-9.13002665617813, 38.75198944293174], [-9.1300308395849, 38.75193814274292], [-9.13004483330119, 38.75176421894808], [-9.13007094081628, 38.75149724083432], [-9.13007808067657, 38.75149763663069], [-9.13008817409753, 38.75139421531183], [-9.13001417771282, 38.75142504254278], [-9.12994114690782, 38.75141819251143], [-9.12985669239553, 38.7514157410977], [-9.1296744976224, 38.75141038116985], [-9.1296100416872, 38.75137517230345], [-9.12953239392369, 38.75133285337749], [-9.12937337140408, 38.75121989856474], [-9.12932673383373, 38.7511453427477], [-9.12924854536464, 38.75101343806452], [-9.12919679139977, 38.75096967045561], [-9.12916392857763, 38.75090930072658], [-9.12909367660141, 38.75083938781368], [-9.12907114757629, 38.75079998492493], [-9.12904339042389, 38.75075768822214], [-9.12903999535097, 38.75064498582854], [-9.12903558242525, 38.75048105190393], [-9.12903160792253, 38.75032664723712], [-9.12904719397874, 38.75023694406246], [-9.12904906490141, 38.75022522603408], [-9.1290640163132, 38.75017147675672], [-9.12904824988899, 38.750152913525], [-9.12904360684681, 38.75013748752479], [-9.12904105593742, 38.7501121071479], [-9.12902587991368, 38.75010076587338], [-9.12900655965815, 38.75009193165951], [-9.12900354968478, 38.75006670922708], [-9.12900416358399, 38.74993612722557], [-9.12899461165255, 38.74990998138015], [-9.12898530388504, 38.74990240131766], [-9.12896358450184, 38.74989483422267], [-9.1289384927728, 38.74988795432897], [-9.12891289801645, 38.74988336760808], [-9.12887479951513, 38.74987216215131], [-9.12885316611125, 38.7498653176329], [-9.12883876225452, 38.7498536616868], [-9.12882981281275, 38.74983751029991], [-9.1287843330515, 38.74983170213787], [-9.12871165309256, 38.74982158029417], [-9.12871969541147, 38.74977400262922], [-9.12873647262899, 38.74969061554772], [-9.12878045346003, 38.74969460250101], [-9.12880499502811, 38.74963869975347], [-9.12876084306801, 38.74962769085234], [-9.12871009017646, 38.74959950255533], [-9.12873416616406, 38.74949252481672], [-9.12874384424405, 38.74945596692049], [-9.12884273841543, 38.74942753345618], [-9.12881418712182, 38.74936106009629], [-9.12885165292132, 38.74935075483226], [-9.12888977162018, 38.74934198973971], [-9.1289437292082, 38.74932083902397], [-9.1289822943117, 38.74939015368054], [-9.12905926633045, 38.74938410033582], [-9.12914455369159, 38.74937588445948], [-9.12919417014538, 38.74937651285116], [-9.12927527745633, 38.74943774873653], [-9.12930506358002, 38.74946367526566], [-9.12932291400604, 38.74947460637402], [-9.12934260414429, 38.74948266811472], [-9.12938430498581, 38.74949608927098], [-9.12946636836516, 38.74952429862699], [-9.12948887182709, 38.74952786757054], [-9.12955282979188, 38.74954533712105], [-9.12961466546208, 38.74956735567479], [-9.12965246331328, 38.74958755237982], [-9.12971680268713, 38.7496055590586], [-9.12973680099639, 38.74961352442313], [-9.12977449762262, 38.74963297249893], [-9.12979537344834, 38.74964894915136], [-9.12979740791364, 38.74962848670482], [-9.13010973383058, 38.74965731622732], [-9.13024461687763, 38.74956122296104], [-9.13024253331447, 38.74952721271387], [-9.13024699004221, 38.74949359345988], [-9.13025864774448, 38.74946312406863], [-9.13027527948027, 38.74943597306689], [-9.13030260032875, 38.74940762200333], [-9.13033924909641, 38.74938722093938], [-9.13039036150259, 38.7493731730951], [-9.13024140237802, 38.74937464393659], [-9.13006093880123, 38.74937461867255], [-9.12992176212324, 38.74936519535596], [-9.12986937939966, 38.74935341393313], [-9.12980215739198, 38.7493270393112], [-9.12973626547423, 38.74927148321358], [-9.12967352949054, 38.74920934966689], [-9.129652921742, 38.74917690166686], [-9.12962835438392, 38.74911249426739], [-9.12962628295721, 38.74905525808035], [-9.12962974463766, 38.74901268092294], [-9.12963953078587, 38.7489649865355], [-9.12965486434098, 38.7489261139721], [-9.12967694892685, 38.74889303263873], [-9.12973369346932, 38.74883741090543], [-9.1297314327052, 38.74881545554933], [-9.13006888834803, 38.74871457327912], [-9.13010044472641, 38.74863514048896], [-9.13016568947364, 38.74863468483654], [-9.1302438816349, 38.74863421507809], [-9.13026134646507, 38.74821219005388], [-9.13041163137995, 38.74812487755013], [-9.13043677089107, 38.74789919762009], [-9.13044581474136, 38.74783003028934], [-9.13048674666364, 38.74742442081319], [-9.13055576406485, 38.74675775847858], [-9.13056635374697, 38.74662346111971], [-9.13057567922771, 38.74651792758945], [-9.1304476535838, 38.7465060784781], [-9.13047077702205, 38.74593232727307], [-9.13123437961403, 38.74593741755742], [-9.13222651449159, 38.74586533321843], [-9.13468192682529, 38.7455583011341], [-9.13485683539476, 38.74553642740891], [-9.13599462952562, 38.74546990504743], [-9.13664041013877, 38.74542381816623], [-9.13724950154151, 38.74538615087243], [-9.13792059511937, 38.74534074024833], [-9.13942257890887, 38.74524402519603], [-9.13966269267543, 38.74522393844786], [-9.1397832486619, 38.74520848588512], [-9.14022899820667, 38.74517040995934], [-9.14049596968873, 38.74517891518047], [-9.14144992880258, 38.74512743844942], [-9.14193383251613, 38.74510343942366], [-9.1425175524835, 38.7450614597475], [-9.14330053132526, 38.74506462753537], [-9.14452491529199, 38.74506957072294], [-9.14536997080576, 38.74501188990592], [-9.14550216440617, 38.74500906955186], [-9.14551285814908, 38.74500866886137], [-9.14635142326301, 38.7448515140628], [-9.14752377331791, 38.74463179443558], [-9.14757666576676, 38.74493120362266], [-9.14765052345754, 38.74523196213063], [-9.14831895189165, 38.7479531886257], [-9.1483937915062, 38.74825784375019], [-9.14845028632403, 38.74824891627104], [-9.14945965269401, 38.74811960548593], [-9.15026029995596, 38.74800354695535], [-9.15150671393045, 38.74782287809293], [-9.1535436451657, 38.74749611719093], [-9.15547529599502, 38.74720789539792], [-9.15669463026831, 38.74695597877886], [-9.15780753524313, 38.74665985422999], [-9.15824838316652, 38.746505283123], [-9.15893776323177, 38.74627775039478], [-9.15982022228055, 38.745986479065], [-9.16178575641903, 38.7452273893049], [-9.16202180669246, 38.74512628590168], [-9.16204454851565, 38.7451613540623], [-9.1647858403749, 38.74938805840532], [-9.16512604043548, 38.74991256114508], [-9.16526878841683, 38.75007974327615], [-9.16538678496334, 38.75036514625648], [-9.16540048864971, 38.75043798765871], [-9.16543422004673, 38.75062324900147], [-9.16546488473318, 38.75075539218813], [-9.16563421138118, 38.75096363902122], [-9.1658552447071, 38.75110233967443], [-9.16610371566008, 38.75134154894387], [-9.16698326834612, 38.75218679425877], [-9.16721933285774, 38.75236305521405], [-9.16767901310577, 38.75264993151365], [-9.16773646740253, 38.75272508767335], [-9.1678520029365, 38.7528393621977], [-9.16797339505935, 38.75296079099963], [-9.16816349645377, 38.75314016110117], [-9.16845172696151, 38.75342314959382], [-9.16851362624833, 38.75348745660491], [-9.1686946186307, 38.75367321197609], [-9.16903646357255, 38.7540185615138], [-9.16930971318321, 38.75428478194128], [-9.16945436226877, 38.7544231177997], [-9.16960135145521, 38.7545641350637], [-9.16959331128789, 38.75464437497278], [-9.16959780528251, 38.75471639759799], [-9.16964802367587, 38.75524470614683], [-9.16969345979546, 38.75568117829557], [-9.16972266522517, 38.75602951873442], [-9.16978142246348, 38.75706759051406], [-9.16969761794267, 38.75731784914678], [-9.16758230097466, 38.75726663112206], [-9.16694953295442, 38.75724791802111], [-9.16598549410383, 38.75725645512659], [-9.16546706716822, 38.75725293661311], [-9.16484605321867, 38.75732328470026], [-9.16424502508153, 38.7573436399836], [-9.16349071011091, 38.75751139358678], [-9.16251068992076, 38.7577293330887], [-9.1614400765884, 38.75796740849128], [-9.16001852074022, 38.7583665623644], [-9.15967695457519, 38.75846246686633], [-9.15514972331808, 38.75973930320361], [-9.15420273339523, 38.76000424653535], [-9.15274397713011, 38.76041234772141], [-9.15170879405142, 38.76070194431979], [-9.15140584191698, 38.7607884506299], [-9.15121136554499, 38.76085625595235], [-9.15055934711168, 38.76108365950581], [-9.14965017981087, 38.7614007126811], [-9.14852533783487, 38.76171884916835], [-9.14835174052248, 38.76176793837], [-9.14686408417428, 38.76209822506369], [-9.14562999945514, 38.76237219448007], [-9.14458433465828, 38.76255002027371], [-9.14428932405768, 38.76260000735137], [-9.14349118139171, 38.76273564270456], [-9.1423047437937, 38.762895979264], [-9.1409258981316, 38.76301283760684], [-9.13918211300997, 38.76307292615084], [-9.13743304384997, 38.76306661855624], [-9.13672783823626, 38.76306407591473], [-9.13421529440834, 38.76304895433222], [-9.1316373346897, 38.76303338641013], [-9.13032878457973, 38.7630254625567], [-9.12953747087566, 38.76302066385239], [-9.12897068961547, 38.76302537678268], [-9.1287272762945, 38.76302722006032], [-9.1285740814071, 38.76301354681153]]]], "type": "MultiPolygon"}}, {"type": "Feature", "properties": {"name": "Carnide", "wof:id": 1511679089, "source": "pt-dgt via whosonfirst"}, "geometry": {"coordinates": [[[[-9.17521669080354, 38.78026095092965], [-9.17522107150049, 38.78024463932953], [-9.1752936830108, 38.77988928655726], [-9.17548124299764, 38.77943830612283], [-9.17575375551453, 38.77901295927213], [-9.17596849214395, 38.77867406152188], [-9.17607575415223, 38.77850131614989], [-9.17669988434075, 38.77786808705822], [-9.17711682793388, 38.77750756139098], [-9.1777258794969, 38.77699335418898], [-9.17871068477719, 38.776191584408], [-9.17913620104702, 38.77584421535139], [-9.17945254630762, 38.77553079345412], [-9.17957958426237, 38.77547569753914], [-9.17974867619286, 38.77547147816448], [-9.17995449275625, 38.7754606241234], [-9.17996471889349, 38.77537315802395], [-9.18005093429977, 38.7749742429982], [-9.18008691073507, 38.77483790420748], [-9.18011545324909, 38.77474396764175], [-9.18012317673446, 38.77472137900943], [-9.18013328147655, 38.77470417370523], [-9.18014901928911, 38.77467881093297], [-9.18016371304507, 38.77466066373193], [-9.1801988521118, 38.77462431688829], [-9.1802409734614, 38.77459331303363], [-9.1803105366705, 38.77455035224897], [-9.18036764136101, 38.77452101473307], [-9.18040652169126, 38.77450445230134], [-9.18045350965214, 38.77449141940163], [-9.1804902337586, 38.77448478481786], [-9.18052816223529, 38.77448174163631], [-9.18056959504176, 38.77448227014114], [-9.18061799700937, 38.77448724094862], [-9.1806641505795, 38.77449583409971], [-9.18089284038904, 38.77455413232772], [-9.18098978941379, 38.77457397910165], [-9.18105306948651, 38.77457341075073], [-9.18109780899825, 38.77456400086464], [-9.1811458012801, 38.77454105103094], [-9.18124613745092, 38.77447799660487], [-9.18146728169086, 38.77433548894933], [-9.18176809011629, 38.77413281472277], [-9.18227194702586, 38.77380941163388], [-9.18252959945382, 38.77364585631999], [-9.1827291161245, 38.77351975539086], [-9.18234213323923, 38.77326021077069], [-9.18221187469711, 38.773165900519], [-9.18204066109329, 38.77302511820749], [-9.18192057222947, 38.77291810455526], [-9.18177924688019, 38.77277525204749], [-9.18169154586694, 38.77267965761806], [-9.18151540388447, 38.77243803164757], [-9.18142011388303, 38.77229566555364], [-9.18121883660712, 38.77198760793887], [-9.18110352682113, 38.77181389390203], [-9.18083510371558, 38.77139924786452], [-9.18071273477945, 38.77121478737014], [-9.18061605928543, 38.77105621899432], [-9.18050364960724, 38.77084464565739], [-9.18036517929865, 38.77058196230286], [-9.1802278856882, 38.77032106978022], [-9.18006775591642, 38.77007209268218], [-9.17999612767341, 38.76997364968045], [-9.17997101875377, 38.76990901948913], [-9.1799517400722, 38.76984974173394], [-9.1796536308201, 38.76944977114532], [-9.17955153791754, 38.76931376888616], [-9.17934505239598, 38.76904178647515], [-9.17866910790569, 38.76939824589305], [-9.17844987841773, 38.76951370694596], [-9.17812829221774, 38.76971115476633], [-9.177675636864, 38.76999444736736], [-9.17691741287246, 38.77046963493633], [-9.17687315639226, 38.77043309921702], [-9.17682034668607, 38.77036241029893], [-9.17678556300012, 38.77026543780356], [-9.17676186307849, 38.77013954231015], [-9.17675257492747, 38.77005495210399], [-9.17674766445554, 38.76995501047199], [-9.17675514639387, 38.76967930730492], [-9.17674928234376, 38.76959288585714], [-9.1767354186844, 38.76951013895982], [-9.17671555868149, 38.76933196310333], [-9.17663895447019, 38.76889217103211], [-9.17667533490004, 38.768862119583], [-9.17671010555485, 38.76880055615371], [-9.17673314735828, 38.76872378422165], [-9.17675258670957, 38.76855786828919], [-9.17676770092455, 38.76841090732302], [-9.17687158539727, 38.7674875868145], [-9.17688680418703, 38.76734783110429], [-9.17690750851474, 38.7670754804175], [-9.17693501159746, 38.76694565505311], [-9.17695333904282, 38.76678245131046], [-9.17697016901245, 38.76651657306022], [-9.17695547031062, 38.76614018152013], [-9.17694314507225, 38.76584754028808], [-9.17714667617802, 38.76568268844908], [-9.17714370841921, 38.76547859035974], [-9.17713733957548, 38.76504231354449], [-9.17713862124854, 38.76426313274503], [-9.17712915629906, 38.76416779957113], [-9.17712181239197, 38.76397863940923], [-9.17711410281697, 38.76368685763838], [-9.17700489725918, 38.76337796869048], [-9.17696268934623, 38.76308739669619], [-9.17692221744367, 38.76291571113325], [-9.17691751067106, 38.76282742725682], [-9.17692285566556, 38.76272293956168], [-9.17692720776584, 38.7627057858841], [-9.17693614702146, 38.76268769045689], [-9.17699692542321, 38.76259526810665], [-9.17719103884608, 38.76233681110627], [-9.17737918794303, 38.76206399460194], [-9.17745589940932, 38.76195971860884], [-9.17750901801882, 38.76189438781671], [-9.17757354804188, 38.76182264866137], [-9.17772068486805, 38.76165649008652], [-9.17776370062997, 38.76160836428727], [-9.17783502710758, 38.76152935800072], [-9.17794374861005, 38.76141128384668], [-9.1780682711554, 38.76127235038555], [-9.17810679021645, 38.76123147090035], [-9.17821771952044, 38.76110707129274], [-9.17833063261387, 38.76096103603036], [-9.17840234486244, 38.76082978073368], [-9.17845719737079, 38.76072570047934], [-9.17854394689196, 38.76052134835046], [-9.17857904639386, 38.76040393393429], [-9.17859281542346, 38.76032274060242], [-9.17859735560992, 38.76023982916707], [-9.17860071180487, 38.76007585815727], [-9.17820683333186, 38.76000759422974], [-9.17705045498222, 38.75952297041412], [-9.17682339443634, 38.75941519780385], [-9.17656543244768, 38.75931841902185], [-9.17638986504273, 38.75927044708443], [-9.17621112183126, 38.75920187446565], [-9.17576283346955, 38.75903095035121], [-9.17559091072052, 38.75891718775213], [-9.17547795378811, 38.75882361514635], [-9.1753403573913, 38.75869693419545], [-9.1751366398053, 38.75853283150422], [-9.17505393460429, 38.75846249911383], [-9.17487122146307, 38.75835810876393], [-9.17467828926813, 38.75823921745792], [-9.17436298948804, 38.75802809796194], [-9.17413410790569, 38.75784196839968], [-9.17428197981561, 38.75778957514177], [-9.17447690984788, 38.75774549908054], [-9.17466748726823, 38.75771857630846], [-9.17491851180112, 38.75764863452866], [-9.17519767890792, 38.75763700641266], [-9.17584021467475, 38.75762306950702], [-9.17650332960123, 38.75759282138731], [-9.17686577461371, 38.75756525864612], [-9.17745572015136, 38.75749513425225], [-9.17824187463122, 38.75736639164654], [-9.17847961597625, 38.7573236375641], [-9.17904837948057, 38.75722125661218], [-9.17960631290503, 38.75708645261373], [-9.18023635444548, 38.75692668788658], [-9.18069052471455, 38.75678460312626], [-9.18124750535113, 38.7565930516166], [-9.18249471404402, 38.75609506412228], [-9.18288593499691, 38.7559049948076], [-9.18359567427923, 38.75552542646766], [-9.18443830557282, 38.75501483630194], [-9.18519768257733, 38.75447243263938], [-9.18551518916968, 38.75421822226573], [-9.1859351800032, 38.7538737512392], [-9.18640479524232, 38.75343885347912], [-9.18642815323888, 38.75341576316175], [-9.18696763943364, 38.75288276811985], [-9.18735213943653, 38.75242963110964], [-9.18743229673315, 38.75247133121179], [-9.18803522438886, 38.75279376402476], [-9.18816652203994, 38.75286435304031], [-9.18828352867686, 38.75293014365867], [-9.18858158542537, 38.75310229294172], [-9.18934177527486, 38.75350614068582], [-9.18996258415909, 38.75384284131624], [-9.19070251058825, 38.75424869189008], [-9.19129816739115, 38.75454415002404], [-9.19142701361119, 38.75462225020267], [-9.19161022659332, 38.75472057400363], [-9.19212788516279, 38.75510861462657], [-9.19250425021231, 38.75535471248062], [-9.19258270304529, 38.7554476805982], [-9.1929131453399, 38.75562213283404], [-9.19300017365657, 38.75567268627236], [-9.19312198907421, 38.75574184051287], [-9.19321924878163, 38.75578419397692], [-9.19329321063268, 38.75580694245254], [-9.19347545511482, 38.75583951517737], [-9.19373988833143, 38.75582900516887], [-9.19416788339583, 38.75575485420786], [-9.19438404727499, 38.75574748418538], [-9.19446686335964, 38.75574673035515], [-9.19456032626611, 38.75576569781806], [-9.19464413198824, 38.75583159253804], [-9.1947075403972, 38.75591839039173], [-9.1943926734363, 38.75656170485046], [-9.1940230161688, 38.75723434071529], [-9.19370066558488, 38.75768405367523], [-9.19385330132727, 38.75773671340001], [-9.19427838772869, 38.7579310178284], [-9.19451699864193, 38.75804054407619], [-9.19528317090445, 38.75827227723985], [-9.19605964597974, 38.75850030852788], [-9.19735503917648, 38.75888754411454], [-9.19763948328063, 38.75898403386034], [-9.19788763889232, 38.75903851873254], [-9.1980599122405, 38.7590548277503], [-9.19805304000412, 38.75906082379842], [-9.19803609531047, 38.75912051875711], [-9.19801545967528, 38.75924150028261], [-9.19794531020915, 38.75971504273769], [-9.1978694559658, 38.76016846325907], [-9.19783827571348, 38.76040781119814], [-9.19782815765625, 38.76047789475365], [-9.19783758292863, 38.76058554467809], [-9.19790991260569, 38.76057560319408], [-9.19812369027411, 38.76053825291049], [-9.19813206524644, 38.76058303354974], [-9.19817591589985, 38.7609554669685], [-9.19890005945027, 38.76155255529329], [-9.19945110226524, 38.76145753477576], [-9.20060245891634, 38.76193324863422], [-9.20070183704012, 38.76196989880803], [-9.20066406980331, 38.76206834121869], [-9.20044095927133, 38.76261372734147], [-9.20041224108919, 38.76264010856612], [-9.20035447838965, 38.76267027435885], [-9.19979539517681, 38.76280527700509], [-9.19903613817527, 38.7631732415755], [-9.19864517694882, 38.76338065548824], [-9.19852201912346, 38.76340799003126], [-9.19843917818079, 38.76340766337039], [-9.19837680028081, 38.76341390956792], [-9.19830110599245, 38.76340667265581], [-9.19820790542315, 38.76339842783313], [-9.19813206879941, 38.76338200147173], [-9.19805625661057, 38.76336675215492], [-9.19783783042574, 38.76334712544941], [-9.19777100847101, 38.76334890792121], [-9.19771889111903, 38.7633641518464], [-9.19768139667664, 38.76338836761091], [-9.19763476971473, 38.76337861444168], [-9.19760111553666, 38.76356015569584], [-9.19755859545115, 38.76373357880728], [-9.19751161912657, 38.76389344704532], [-9.1974704060506, 38.76405443018164], [-9.19744783553151, 38.76410696912696], [-9.1973853195952, 38.76421239079186], [-9.19769448883286, 38.76436900625567], [-9.19784895155961, 38.7645896381195], [-9.19805566511069, 38.76489635748066], [-9.19828628084265, 38.76524726423315], [-9.19840231999051, 38.76542951388336], [-9.19850262312221, 38.76560260093223], [-9.19850821587643, 38.76566920117835], [-9.19847721594805, 38.76575054655023], [-9.19841389760562, 38.76582498119817], [-9.19827822260984, 38.76598474119849], [-9.19822632755626, 38.76605366786297], [-9.19816100476222, 38.76614793594411], [-9.19810014838269, 38.76623315641245], [-9.19802145110671, 38.7663563693707], [-9.19795570011247, 38.76647148072296], [-9.19785646631402, 38.76661794689549], [-9.19773489443579, 38.7667778498005], [-9.19758568065409, 38.76697329141125], [-9.19743142224931, 38.76720847783171], [-9.1972493245611, 38.76746597217578], [-9.19710547966906, 38.76764372165282], [-9.19699458102128, 38.76776382754575], [-9.19692829171794, 38.76785265041996], [-9.19702132479791, 38.76799029711179], [-9.19705286303481, 38.76804540779226], [-9.19706831225374, 38.76812489584984], [-9.19705523180496, 38.76820464544551], [-9.19700563703363, 38.76828949797455], [-9.19689939682974, 38.76838765716164], [-9.1967488864346, 38.76851793014524], [-9.19654204143118, 38.76869024230692], [-9.19638168363154, 38.76883978737661], [-9.19626962997256, 38.76895700978553], [-9.19604953106186, 38.769189878393], [-9.1959877637346, 38.76927646800447], [-9.19597825336203, 38.76931798934871], [-9.19597891214021, 38.76935455130567], [-9.19602294005934, 38.76944485822129], [-9.19604206435872, 38.76950044418259], [-9.19603655426979, 38.76954030954817], [-9.19598034236538, 38.76959018429303], [-9.19591400624829, 38.76964014658113], [-9.19584735468198, 38.76966939833103], [-9.19574825022011, 38.76970534336124], [-9.19561250330318, 38.76973044732065], [-9.19552757224486, 38.76976788469995], [-9.1953827629944, 38.76986468165799], [-9.19529210598677, 38.76991964148644], [-9.1952376582581, 38.76994887294564], [-9.19517945989907, 38.7699971448624], [-9.19504728124892, 38.77013049094553], [-9.1948753111064, 38.77031995291043], [-9.194527900157, 38.77075152018364], [-9.1944160273987, 38.77087351058079], [-9.19420068863236, 38.77101716004307], [-9.19397857318875, 38.77112276776118], [-9.19389996840914, 38.77116806796435], [-9.19370492420886, 38.77131468771594], [-9.19355408720983, 38.77141640041107], [-9.19337262618819, 38.77152470250534], [-9.19316512711, 38.77165395297879], [-9.19306236439558, 38.77171541910999], [-9.19301191123674, 38.77173497408896], [-9.19298318524851, 38.77172253546824], [-9.19301322263865, 38.77181612129806], [-9.19318125989572, 38.77217607799963], [-9.19320843278101, 38.77223158599185], [-9.19319268490744, 38.77226361634795], [-9.19317664735818, 38.77227646638524], [-9.19311159821544, 38.77228182875426], [-9.19290232694314, 38.77229165632274], [-9.19269310241279, 38.77230472498888], [-9.19261385881616, 38.77230706486402], [-9.19257903488517, 38.77228666361654], [-9.19244509917689, 38.77217005618517], [-9.19229496683466, 38.77205513122143], [-9.19223561012065, 38.77202540308571], [-9.1922010473348, 38.77202256630915], [-9.19215255417353, 38.7720421031552], [-9.19198516670156, 38.77213757100268], [-9.19177565726595, 38.77227161495344], [-9.19172154229604, 38.7723157910587], [-9.19162525633046, 38.7723797185336], [-9.19146545221085, 38.77245881288631], [-9.19113129784144, 38.77263767485338], [-9.19069999177485, 38.77282930178364], [-9.19037463651261, 38.77297286338447], [-9.19033323285461, 38.77308321922674], [-9.19029451528293, 38.77311870429776], [-9.18989333274008, 38.77332455554838], [-9.18983767024682, 38.7733499239446], [-9.18974250478957, 38.77336537794133], [-9.18965644078746, 38.77337363163454], [-9.18956534375093, 38.77354740528735], [-9.1894599640511, 38.77375940633313], [-9.18937380049445, 38.77402564501764], [-9.18927261225223, 38.77415546165512], [-9.18912550557563, 38.77433118239036], [-9.18909045060126, 38.774365188217], [-9.18905342589136, 38.77439047339577], [-9.18874130729466, 38.77442554650251], [-9.18833790705725, 38.77447459081494], [-9.1882333525772, 38.77449310273531], [-9.18819660864119, 38.77453739150031], [-9.1881271676475, 38.77465088487901], [-9.18792597473471, 38.77509966835452], [-9.18777902831792, 38.77528709244132], [-9.18769834642123, 38.77539492293815], [-9.18758793324351, 38.77552337741677], [-9.18755108101721, 38.77556037426454], [-9.18745304811744, 38.77563890575225], [-9.1873730708632, 38.77567773106851], [-9.18676413359397, 38.77574916720891], [-9.18657355304198, 38.77577880860464], [-9.18603441588167, 38.77588626969958], [-9.1858734829984, 38.77588186819249], [-9.18573952737751, 38.77593577125194], [-9.18567451476259, 38.77622523776615], [-9.18519542737001, 38.7764727617567], [-9.18494624332984, 38.77664129282125], [-9.18488375352843, 38.77672688589791], [-9.18391781308636, 38.77754789899598], [-9.18362597103346, 38.77782067128241], [-9.18345870110806, 38.77802782309314], [-9.18332849226562, 38.7782041944397], [-9.18323086309073, 38.77834180610457], [-9.18311508697533, 38.77854516088457], [-9.18286783700814, 38.77857940849098], [-9.18193587600706, 38.77873880022079], [-9.18172221594871, 38.77893744732058], [-9.18165098025874, 38.77899231689215], [-9.18154590348831, 38.77901478915707], [-9.18142053820574, 38.7790271753852], [-9.1811365651632, 38.77904557623054], [-9.18100981765277, 38.77906590215015], [-9.18071620667893, 38.77911718117602], [-9.18043981566193, 38.77916595860787], [-9.18026448659443, 38.7792161745247], [-9.1799541595403, 38.77931263576234], [-9.17968864007695, 38.77941221331471], [-9.17956082302082, 38.77945407490669], [-9.17952095194792, 38.77950532583084], [-9.17935840010781, 38.77983907603276], [-9.17932404411731, 38.77985857107341], [-9.17917990655336, 38.77987796887567], [-9.1790132903614, 38.77983991889291], [-9.17879403765959, 38.77994015672974], [-9.17851852600761, 38.78004891618897], [-9.17843661501011, 38.7800745094892], [-9.17804194538095, 38.78022720976595], [-9.17766749546642, 38.78018876962731], [-9.17742327569137, 38.78006880802283], [-9.17695703399803, 38.77997011052845], [-9.1764460041147, 38.7798616331872], [-9.17626361755539, 38.7800282855885], [-9.1758918603259, 38.78036390019922], [-9.17568320336923, 38.78040981180412], [-9.17551785385682, 38.78035589096293], [-9.17521669080354, 38.78026095092965]]]], "type": "MultiPolygon"}}, {"type": "Feature", "properties": {"name": "Ajuda", "wof:id": 85798825, "source": "quattroshapes via whosonfirst"}, "geometry": {"coordinates": [[[-9.195557, 38.718389], [-9.195557, 38.716935], [-9.19281, 38.715761], [-9.19281, 38.715519], [-9.19281, 38.713376], [-9.19281, 38.711233], [-9.19281, 38.71099], [-9.194728, 38.710171], [-9.195009, 38.709089], [-9.194728, 38.708008], [-9.195557, 38.706946], [-9.198303, 38.706946], [-9.20105, 38.706946], [-9.20105, 38.709089], [-9.20105, 38.711233], [-9.203796, 38.711233], [-9.203796, 38.713376], [-9.20709, 38.713376], [-9.207648, 38.715519], [-9.207648, 38.715519], [-9.206543, 38.716935], [-9.205807, 38.717878], [-9.205469, 38.717662], [-9.203796, 38.717662], [-9.20105, 38.717662], [-9.20105, 38.719805], [-9.196661, 38.719805], [-9.195557, 38.719805], [-9.195557, 38.718389]]], "type": "Polygon"}}]}